/*
+ the queries in this are only used to verify the amount of data in the tables (last 10 items are picked to check the numbers of items exisiting)
*/

SET client_min_messages TO WARNING;
-- removes unnecessary messages from the console


-- ADDRESS
TRUNCATE TABLE address CASCADE;

ALTER SEQUENCE address_address_id_seq RESTART WITH 1;
COPY address (street, house_number, postal_code, municipality, latitude, longitude)
FROM 'C:/_marn/learn/syntra/projects/python_eindopdracht/kitch/sql/addresses.csv'
-- TODO: find a way to get the path from the config file
DELIMITER ','
CSV HEADER
;
SELECT * FROM address
-- LIMIT 10 -- first 10
OFFSET (SELECT COUNT(*) FROM address) - 10; -- last 10 lines

ALTER SEQUENCE address_address_id_seq RESTART WITH 1;

COPY address (
    street,
    house_number,
    postal_code,
    municipality,
    latitude,
    longitude
)
FROM 'addresses.csv'
    -- TODO: find a way to get the path from the config file
    DELIMITER ',' CSV HEADER;
-- psql -h 192.168.0.30 -U tester -d kitch_dev -c "\copy address (street, house_number, postal_code, municipality, longitude, latitude) FROM 'C:\Users\benoi\PycharmProjects\Kitch\addresses\addresses.csv' CSV HEADER DELIMITER ',';"
SELECT *
FROM address
    -- LIMIT 10 -- first 10
OFFSET (
        SELECT COUNT(*)
        FROM address
    ) - 10;
-- last 10 lines

-- PERSON
TRUNCATE TABLE person CASCADE;
ALTER SEQUENCE person_person_id_seq RESTART WITH 1;

INSERT INTO
    person (
        name_first,
        name_last,
        name_title,
        phone_number,
        email,
        photo_url
    )
VALUES
  ('Marijn','Vandenholen','Dhr.',123456789,'marijn.vandenholen@client.com','me.jpg')
, ('Benoit','Goethals','Dhr.',9876543210,'benoit.goethals@client.com','me.jpg')
, ('Jan','Jansen','Dhr.',1234567890,'jan.jansen@client.com','me.jpg')
, ('Sofie','Vermeulen','Mevr.',987654321,'sofie.vermeulen@client.com','me.jpg')
, ('Annelies','De Smet','Dr.',5551234567,'annelies.desmet@client.com','me.jpg')
, ('Bart','De Vries','Prof.',5559876543,'bart.devries@client.com','me.jpg')
, ('Karel','Maes','Dhr.',5555555555,'karel.maes@client.com','me.jpg')
, ('Diana','Van den Broeck','Mevr.',5554444444,'diana.vandenbroeck@client.com','me.jpg')
, ('Ewout','De Clercq','Dhr.',5553333333,'ewout.declercq@client.com','me.jpg')
, ('Fien','Van Damme','Mevr.',5552222222,'fien.vandamme@client.com','me.jpg')
, ('Geert','De Jong','Dhr.',5551111111,'geert.dejong@client.com','me.jpg')
, ('Hanne','De Bruyne','Mevr.',5556667777,'hanne.debruyne@client.com','me.jpg')
, ('Tom','Van Acker','Dhr.',5557778888,'tom.vanacker@client.com','me.jpg')
, ('Lies','Peeters','Mevr.',5558889999,'lies.peeters@client.com','me.jpg')
, ('Koen','Claes','Dhr.',5559990000,'koen.claes@client.com','me.jpg')
, ('Eva','Janssens','Mevr.',5550001111,'eva.janssens@client.com','me.jpg')
, ('Pieter','De Vos','Dhr.',5551112222,'pieter.devos@client.com','me.jpg')
, ('Sara','Van Dijk','Mevr.',5552223333,'sara.vandijk@client.com','me.jpg')
, ('Lucas','Verhoeven','Dhr.',5553334444,'lucas.verhoeven@client.com','me.jpg')
, ('Emma','De Wilde','Mevr.',5554445555,'emma.dewilde@client.com','me.jpg')
, ('Jeroen','Van Dam','Dhr.',5555556666,'jeroen.vandam@client.com','me.jpg')
, ('Lotte','De Graaf','Mevr.',5556667777,'lotte.degraaf@client.com','me.jpg')
, ('Niels','Van der Meer','Dhr.',5557778888,'niels.vandermeer@client.com','me.jpg')
, ('Sanne','De Koning','Mevr.',5558889999,'sanne.dekoning@client.com','me.jpg')
, ('Wouter','Van Loon','Dhr.',5559990000,'wouter.vanloon@client.com','me.jpg')
, ('Tessa','De Groot','Mevr.',5550001111,'tessa.degroot@client.com','me.jpg')
, ('Ruben','Van der Veen','Dhr.',5551112222,'ruben.vanderveen@client.com','me.jpg')
, ('Kim','De Lange','Mevr.',5552223333,'kim.delange@client.com','me.jpg')
, ('Thomas','Van der Heijden','Dhr.',5553334444,'thomas.vanderheijden@client.com','me.jpg')
, ('Laura','De Vos','Mevr.',5554445555,'laura.devos@client.com','me.jpg')
, ('Bram','Van der Wal','Dhr.',5555556666,'bram.vanderwal@client.com','me.jpg')
, ('Eline','De Boer','Mevr.',5556667777,'eline.deboer@client.com','me.jpg')
, ('Jasper','Van der Berg','Dhr.',5557778888,'jasper.vanderberg@client.com','me.jpg')
, ('Maaike','De Leeuw','Mevr.',5558889999,'maaike.deleeuw@client.com','me.jpg')
, ('Stefan','Van der Linden','Dhr.',5559990000,'stefan.vanderlinden@client.com','me.jpg')
, ('Inge','De Bruin','Mevr.',5550001111,'inge.debruin@client.com','me.jpg')
, ('Arne','Van der Velden','Dhr.',5551112222,'arne.vandervelden@client.com','me.jpg')
, ('Evy','De Wit','Mevr.',5552223333,'evy.dewit@client.com','me.jpg')
, ('Koen','Van der Zanden','Dhr.',5553334444,'koen.vanderzanden@client.com','me.jpg')
, ('Liesbeth','De Haan','Mevr.',5554445555,'liesbeth.dehaan@client.com','me.jpg')
, ('Jelle','Van der Hoek','Dhr.',5555556666,'jelle.vanderhoek@client.com','me.jpg')
, ('Anke','De Vries','Mevr.',5556667777,'anke.devries@client.com','me.jpg')
, ('Bart','Van der Plas','Dhr.',5557778888,'bart.vanderplas@client.com','me.jpg')
, ('Sofie','De Jong','Mevr.',5558889999,'sofie.dejong@client.com','me.jpg')
, ('Tom','Van der Steen','Dhr.',5559990000,'tom.vandersteen@client.com','me.jpg')
, ('Ellen','De Vos','Mevr.',5550001111,'ellen.devos@client.com','me.jpg')
, ('Mark','Van der Heuvel','Dhr.',5551112222,'mark.vanderheuvel@client.com','me.jpg')
, ('Ilse','De Groot','Mevr.',5552223333,'ilse.degroot@client.com','me.jpg')
, ('Wim','Van der Meulen','Dhr.',5553334444,'wim.vandermeulen@client.com','me.jpg')
, ('Nina','De Bruin','Mevr.',5554445555,'nina.debruin@client.com','me.jpg')
, ('Frank','Van der Veen','Dhr.',5555556666,'frank.vanderveen@client.com','me.jpg')
, ('Sanne','De Koning','Mevr.',5556667777,'sanne.dekoning@client.com','me.jpg')
, ('Jeroen','Van der Wal','Dhr.',5557778888,'jeroen.vanderwal@client.com','me.jpg')
, ('Lotte','De Graaf','Mevr.',5558889999,'lotte.degraaf@client.com','me.jpg')
, ('Niels','Van der Meer','Dhr.',5559990000,'niels.vandermeer@client.com','me.jpg')
, ('Tessa','De Groot','Mevr.',5550001111,'tessa.degroot@client.com','me.jpg')
, ('Ruben','Van der Veen','Dhr.',5551112222,'ruben.vanderveen@client.com','me.jpg')
, ('Kim','De Lange','Mevr.',5552223333,'kim.delange@client.com','me.jpg')
, ('Thomas','Van der Heijden','Dhr.',5553334444,'thomas.vanderheijden@client.com','me.jpg')
, ('Laura','De Vos','Mevr.',5554445555,'laura.devos@client.com','me.jpg')
, ('Bram','Van der Wal','Dhr.',5555556666,'bram.vanderwal@client.com','me.jpg')
, ('Eline','De Boer','Mevr.',5556667777,'eline.deboer@client.com','me.jpg')
, ('Jasper','Van der Berg','Dhr.',5557778888,'jasper.vanderberg@client.com','me.jpg')
, ('Maaike','De Leeuw','Mevr.',5558889999,'maaike.deleeuw@client.com','me.jpg')
, ('Stefan','Van der Linden','Dhr.',5559990000,'stefan.vanderlinden@client.com','me.jpg')
, ('Inge','De Bruin','Mevr.',5550001111,'inge.debruin@client.com','me.jpg')
, ('Arne','Van der Velden','Dhr.',5551112222,'arne.vandervelden@client.com','me.jpg')
, ('Evy','De Wit','Mevr.',5552223333,'evy.dewit@client.com','me.jpg')
, ('Koen','Van der Zanden','Dhr.',5553334444,'koen.vanderzanden@client.com','me.jpg')
, ('Liesbeth','De Haan','Mevr.',5554445555,'liesbeth.dehaan@client.com','me.jpg')
, ('Jelle','Van der Hoek','Dhr.',5555556666,'jelle.vanderhoek@client.com','me.jpg')
, ('Anke','De Vries','Mevr.',5556667777,'anke.devries@client.com','me.jpg')
, ('Bart','Van der Plas','Dhr.',5557778888,'bart.vanderplas@client.com','me.jpg')
, ('Sofie','De Jong','Mevr.',5558889999,'sofie.dejong@client.com','me.jpg')
, ('Tom','Van der Steen','Dhr.',5559990000,'tom.vandersteen@client.com','me.jpg')
, ('Ellen','De Vos','Mevr.',5550001111,'ellen.devos@client.com','me.jpg')
, ('Mark','Van der Heuvel','Dhr.',5551112222,'mark.vanderheuvel@client.com','me.jpg')
, ('Ilse','De Groot','Mevr.',5552223333,'ilse.degroot@supplier.com','me.jpg')
, ('Wim','Van der Meulen','Dhr.',5553334444,'wim.vandermeulen@supplier.com','me.jpg')
, ('Nina','De Bruin','Mevr.',5554445555,'nina.debruin@supplier.com','me.jpg')
, ('Frank','Van der Veen','Dhr.',5555556666,'frank.vanderveen@supplier.com','me.jpg')
, ('Sanne','De Koning','Mevr.',5556667777,'sanne.dekoning@supplier.com','me.jpg')
, ('Jeroen','Van der Wal','Dhr.',5557778888,'jeroen.vanderwal@supplier.com','me.jpg')
, ('Lotte','De Graaf','Mevr.',5558889999,'lotte.degraaf@supplier.com','me.jpg')
, ('Niels','Van der Meer','Dhr.',5559990000,'niels.vandermeer@supplier.com','me.jpg')
, ('Lars','Van den Berg','Dhr.',5551231234,'lars.vandenberg@supplier.com','me.jpg')
, ('Mila','De Winter','Mevr.',5552342345,'mila.dewinter@supplier.com','me.jpg')
, ('Noah','Van der Zee','Dhr.',5553453456,'noah.vanderzee@supplier.com','me.jpg')
, ('Emma','De Vos','Mevr.',5554564567,'emma.devos@supplier.com','me.jpg')
, ('Finn','Van der Meer','Dhr.',5555675678,'finn.vandermeer@supplier.com','me.jpg')
, ('Lars','Van den Berg','Dhr.',5551231234,'lars.vandenberg@supplier.com','me.jpg')
, ('Mila','De Winter','Mevr.',5552342345,'mila.dewinter@supplier.com','me.jpg')
, ('Noah','Van der Zee','Dhr.',5553453456,'noah.vanderzee@supplier.com','me.jpg')
, ('Emma','De Vos','Mevr.',5554564567,'emma.devos@supplier.com','me.jpg')
, ('Finn','Van der Meer','Dhr.',5555675678,'finn.vandermeer@supplier.com','me.jpg')
, ('Lena','De Vries','Mevr.',5556786789,'lena.devries@supplier.com','me.jpg')
, ('Oliver','Van den Bosch','Dhr.',5557897890,'oliver.vandenbosch@supplier.com','me.jpg')
, ('Sophie','De Jong','Mevr.',5558908901,'sophie.dejong@supplier.com','me.jpg')
, ('Liam','Van den Broek','Dhr.',5551111111,'liam.vandenbroek@kitch.com','me.jpg')
, ('Emma','De Vries','Mevr.',5552222222,'emma.devries@kitch.com','me.jpg')
, ('Noah','Van der Linden','Dhr.',5553333333,'noah.vanderlinden@kitch.com','me.jpg')
, ('Olivia','De Jong','Mevr.',5554444444,'olivia.dejong@kitch.com','me.jpg')
, ('Lucas','Van der Meer','Dhr.',5555555555,'lucas.vandermeer@kitch.com','me.jpg')
, ('Mila','De Bruin','Mevr.',5556666666,'mila.debruin@kitch.com','me.jpg')
, ('Ethan','Van den Berg','Dhr.',5557777777,'ethan.vandenberg@kitch.com','me.jpg')
, ('Sophie','De Groot','Mevr.',5558888888,'sophie.degroot@kitch.com','me.jpg')
, ('James','Van der Heijden','Dhr.',5559999999,'james.vanderheijden@kitch.com','me.jpg')
, ('Charlotte','De Vos','Mevr.',5550000000,'charlotte.devos@kitch.com','me.jpg')
, ('Benjamin','Van der Wal','Dhr.',5551234567,'benjamin.vanderwal@kitch.com','me.jpg')
, ('Ella','De Winter','Mevr.',5552345678,'ella.dewinter@kitch.com','me.jpg')
, ('Alexander','Van der Zee','Dhr.',5553456789,'alexander.vanderzee@kitch.com','me.jpg')
, ('Lily','De Haan','Mevr.',5554567890,'lily.dehaan@kitch.com','me.jpg')
, ('Henry','Van der Plas','Dhr.',5555678901,'henry.vanderplas@kitch.com','me.jpg')
, ('Isabella','De Leeuw','Mevr.',5556789012,'isabella.deleeuw@kitch.com','me.jpg')
, ('William','Van der Velden','Dhr.',5557890123,'william.vandervelden@kitch.com','me.jpg')
, ('Emily','De Wit','Mevr.',5558901234,'emily.dewit@kitch.com','me.jpg')
, ('Michael','Van der Zanden','Dhr.',5559012345,'michael.vanderzanden@kitch.com','me.jpg')
, ('Charlotte','De Vos','Mevr.',5558901234,'charlotte.devos@kitch.com','me.jpg')
, ('Benjamin','Van der Wal','Dhr.',5559012345,'benjamin.vanderwal@kitch.com','me.jpg')
, ('Ella','De Winter','Mevr.',5550123456,'ella.dewinter@kitch.com','me.jpg')
;
SELECT * FROM person OFFSET ( SELECT COUNT(*) FROM person ) - 10;
;

-- EMPLOYEE
INSERT INTO
    employee (person_id)
VALUES (1), (2), (3), (4), (5), (6), (7), (8), (9), (10),(11);
SELECT * FROM employee OFFSET ( SELECT COUNT(*) FROM employee ) - 10;
;


-- WORKER
INSERT INTO
    worker (person_id)
VALUES (1), (2), (3), (4), (5), (6), (7), (8), (9), (10);

SELECT * FROM worker OFFSET ( SELECT COUNT(*) FROM worker ) - 10;
;

INSERT INTO
    company (
        tax_number,
        address_id,
        company_name,
        contactperson_id
    )
VALUES
  (751225663,1,'client_01',1)
, (863560615,2,'client_02',2)
, (717250465,3,'client_03',3)
, (729617919,4,'client_04',4)
, (522645710,5,'client_05',5)
, (575978180,6,'client_06',6)
, (963377554,7,'client_07',7)
, (212481112,8,'client_08',8)
, (266230197,9,'client_09',9)
, (607332526,10,'client_10',10)
, (983359610,11,'client_11',11)
, (652551444,12,'client_12',12)
, (110508094,13,'client_13',13)
, (900389742,14,'client_14',14)
, (231819877,15,'client_15',15)
, (660673439,16,'client_16',16)
, (278222442,17,'client_17',17)
, (699865306,18,'client_18',18)
, (303210928,19,'client_19',19)
, (402096681,20,'client_20',20)
, (786007739,21,'client_21',21)
, (528965070,22,'client_22',22)
, (879317875,23,'client_23',23)
, (530614994,24,'client_24',24)
, (397218052,25,'client_25',25)
, (543093494,26,'client_26',26)
, (297260680,27,'client_27',27)
, (663234960,28,'client_28',28)
, (742340171,29,'client_29',29)
, (665306946,30,'client_30',30)
, (682553843,31,'client_31',31)
, (272665261,32,'client_32',32)
, (475645288,33,'client_33',33)
, (989992352,34,'client_34',34)
, (809195263,35,'client_35',35)
, (960721617,36,'client_36',36)
, (877123839,37,'client_37',37)
, (673056830,38,'client_38',38)
, (444576863,39,'client_39',39)
, (664849595,40,'client_40',40)
, (528769423,41,'client_41',41)
, (755781547,42,'client_42',42)
, (399118600,43,'client_43',43)
, (152838627,44,'client_44',44)
, (410062014,45,'client_45',45)
, (428047485,46,'client_46',46)
, (421537402,47,'client_47',47)
, (824768631,48,'client_48',48)
, (789260870,49,'client_49',49)
, (511103593,50,'client_50',50)
, (939307299,51,'client_51',51)
, (283167988,52,'client_52',52)
, (609470925,53,'client_53',53)
, (638537819,54,'client_54',54)
, (261696699,55,'client_55',55)
, (207588577,56,'client_56',56)
, (533043310,57,'client_57',57)
, (420787144,58,'client_58',58)
, (303923324,59,'client_59',59)
, (457584549,60,'client_60',60)
, (261090323,61,'client_61',61)
, (871236708,62,'client_62',62)
, (972018997,63,'client_63',63)
, (970249672,64,'client_64',64)
, (674793706,65,'client_65',65)
, (962011539,66,'client_66',66)
, (417681099,67,'client_67',67)
, (501338501,68,'client_68',68)
, (960568820,69,'client_69',69)
, (986146957,70,'client_70',70)
, (113973189,71,'client_71',71)
, (622526240,72,'client_72',72)
, (739355731,73,'client_73',73)
, (116730876,74,'client_74',74)
, (959227684,75,'client_75',75)
, (726129876,76,'client_76',76)
, (309747918,77,'client_77',77)
, (600837780,78,'client_78',78)
, (845701453,79,'client_79',79)
, (112533261,80,'client_80',80)
, (455244602,81,'supplier_81',81)
, (185367864,82,'supplier_82',82)
, (175598178,83,'supplier_83',83)
, (484482035,84,'supplier_84',84)
, (917976190,85,'supplier_85',85)
, (613284130,86,'supplier_86',86)
, (784303622,87,'supplier_87',87)
, (559654667,88,'supplier_88',88)
, (262009578,89,'supplier_89',89)
, (288824407,90,'supplier_90',90)
, (763564102,91,'supplier_91',91)
, (410461315,92,'supplier_92',92)
, (450241411,93,'supplier_93',93)
, (127032795,94,'supplier_94',94)
, (197846179,95,'supplier_95',95)
, (257519146,96,'supplier_96',96)
, (152091664,97,'supplier_97',97)
, (681884901,98,'supplier_98',98)
, (804498039,99,'supplier_99',99)
, (752982216,100,'supplier_100',100)
;

SELECT *
FROM company
OFFSET (
        SELECT COUNT(*)
        FROM company
    ) - 10;
;


-- CLIENT
INSERT INTO
    client (company_id)
VALUES (1),(2),(3),(4),(5),(6),(7),(8),(9),(10),(11),(12),(13),(14),(15),(16),(17),(18),(19),(20),(21),(22),(23),(24),(25),(26),(27),(28),(29),(30),(31),(32),(33),(34),(35),(36),(37),(38),(39),(40),(41),(42),(43),(44),(45),(46),(47),(48),(49),(50),(51),(52),(53),(54),(55),(56),(57),(58),(59),(60),(61),(62),(63),(64),(65),(66),(67),(68),(69),(70),(71),(72),(73),(74),(75),(76),(77),(78),(79),(80);

SELECT * FROM client OFFSET ( SELECT COUNT(*) FROM client ) - 10;
;

-- SUPPLIER
INSERT INTO
    supplier (company_id)
VALUES (81),(82),(83),(84),(85),(86),(87),(88),(89),(90),(91),(92),(93),(94),(95),(96),(97),(98),(99),(100);
SELECT * FROM supplier OFFSET (SELECT COUNT(*) FROM supplier) - 10;

-- ARTICLE
INSERT INTO
    article (
        supplier_id,
        supplier_article_code,
        purchase_price,
        description
    )
values
  (11,'ART001',204,'description article 001')
, (11,'ART002',3569,'description article 002')
, (12,'ART003',9647,'description article 003')
, (14,'ART004',8084,'description article 004')
, (19,'ART005',2371,'description article 005')
, (16,'ART006',2986,'description article 006')
, (2,'ART007',74,'description article 007')
, (2,'ART008',3667,'description article 008')
, (17,'ART009',2234,'description article 009')
, (14,'ART010',4407,'description article 010')
, (6,'ART011',3755,'description article 011')
, (2,'ART012',7455,'description article 012')
, (20,'ART013',8948,'description article 013')
, (5,'ART014',8837,'description article 014')
, (1,'ART015',6698,'description article 015')
, (14,'ART016',3415,'description article 016')
, (7,'ART017',4533,'description article 017')
, (16,'ART018',1347,'description article 018')
, (10,'ART019',5286,'description article 019')
, (14,'ART020',8419,'description article 020')
, (4,'ART021',8517,'description article 021')
, (8,'ART022',286,'description article 022')
, (5,'ART023',997,'description article 023')
, (18,'ART024',162,'description article 024')
, (14,'ART025',2425,'description article 025')
, (4,'ART026',6041,'description article 026')
, (19,'ART027',1520,'description article 027')
, (9,'ART028',9813,'description article 028')
, (2,'ART029',8313,'description article 029')
, (7,'ART030',8981,'description article 030')
, (16,'ART031',2790,'description article 031')
, (5,'ART032',6095,'description article 032')
, (14,'ART033',6540,'description article 033')
, (1,'ART034',7259,'description article 034')
, (2,'ART035',6428,'description article 035')
, (2,'ART036',6600,'description article 036')
, (14,'ART037',9514,'description article 037')
, (1,'ART038',9180,'description article 038')
, (16,'ART039',6651,'description article 039')
, (13,'ART040',9612,'description article 040')
, (4,'ART041',5818,'description article 041')
, (10,'ART042',7484,'description article 042')
, (19,'ART043',3864,'description article 043')
, (17,'ART044',1934,'description article 044')
, (9,'ART045',6460,'description article 045')
, (18,'ART046',2000,'description article 046')
, (10,'ART047',5677,'description article 047')
, (5,'ART048',6311,'description article 048')
, (4,'ART049',3759,'description article 049')
, (13,'ART050',6297,'description article 050')
, (10,'ART051',3807,'description article 051')
, (14,'ART052',8371,'description article 052')
, (20,'ART053',2457,'description article 053')
, (3,'ART054',752,'description article 054')
, (19,'ART055',2779,'description article 055')
, (14,'ART056',19,'description article 056')
, (4,'ART057',6424,'description article 057')
, (18,'ART058',1641,'description article 058')
, (2,'ART059',285,'description article 059')
, (18,'ART060',8166,'description article 060')
, (9,'ART061',4405,'description article 061')
, (3,'ART062',6190,'description article 062')
, (3,'ART063',9895,'description article 063')
, (11,'ART064',4777,'description article 064')
, (20,'ART065',1237,'description article 065')
, (11,'ART066',1151,'description article 066')
, (11,'ART067',5736,'description article 067')
, (5,'ART068',3579,'description article 068')
, (6,'ART069',1512,'description article 069')
, (13,'ART070',204,'description article 070')
, (19,'ART071',7803,'description article 071')
, (19,'ART072',8018,'description article 072')
, (9,'ART073',3896,'description article 073')
, (1,'ART074',4619,'description article 074')
, (1,'ART075',9041,'description article 075')
, (7,'ART076',7158,'description article 076')
, (8,'ART077',9441,'description article 077')
, (8,'ART078',4638,'description article 078')
, (8,'ART079',7287,'description article 079')
, (15,'ART080',6055,'description article 080')
, (14,'ART081',5420,'description article 081')
, (17,'ART082',6042,'description article 082')
, (3,'ART083',184,'description article 083')
, (14,'ART084',9329,'description article 084')
, (16,'ART085',303,'description article 085')
, (4,'ART086',2770,'description article 086')
, (17,'ART087',2205,'description article 087')
, (3,'ART088',5978,'description article 088')
, (18,'ART089',9638,'description article 089')
, (9,'ART090',8214,'description article 090')
, (6,'ART091',6817,'description article 091')
, (18,'ART092',2817,'description article 092')
, (16,'ART093',4029,'description article 093')
, (19,'ART094',6426,'description article 094')
, (14,'ART095',7630,'description article 095')
, (14,'ART096',9703,'description article 096')
, (12,'ART097',6841,'description article 097')
, (10,'ART098',6631,'description article 098')
, (19,'ART099',9656,'description article 099')
, (15,'ART100',4891,'description article 100')
;
SELECT * FROM article OFFSET (SELECT COUNT(*) FROM article) - 10;

-- PROJECT
INSERT INTO
    project (
        client_id,
        --persons
        calculator_id,
        salesman_id,
        project_leader_id,
        --dates
        date_acceptance,
        date_start,
        date_end
    )
VALUES
  (1,7,7,7,'2025-03-05','2025-07-25','2025-10-18')
, (2,2,8,2,'2020-05-31','2020-08-07','2020-08-30')
, (3,9,3,8,'2026-05-03','2026-08-17','2026-10-24')
, (4,8,6,3,'2026-02-06','2026-05-27','2026-06-24')
, (5,6,1,10,'2023-10-12','2023-11-20','2024-01-29')
, (6,5,4,9,'2020-12-08','2021-04-10','2021-06-01')
, (7,3,10,2,'2026-02-22','2026-03-29','2026-06-05')
, (8,8,8,2,'2022-10-22','2023-01-06','2023-01-29')
, (9,5,9,6,'2024-07-01','2024-11-17','2024-11-27')
, (10,1,3,8,'2023-07-31','2023-11-24','2024-03-13')
, (11,10,5,6,'2025-01-05','2025-05-15','2025-07-05')
, (12,10,8,3,'2026-04-08','2026-07-21','2026-08-12')
, (13,5,9,10,'2024-10-02','2024-12-31','2025-04-24')
, (14,7,5,4,'2025-05-21','2025-08-31','2025-12-17')
, (15,5,2,5,'2021-10-13','2021-12-07','2021-12-28')
, (16,4,3,6,'2025-12-27','2026-02-05','2026-05-22')
, (17,5,3,3,'2023-07-31','2023-09-02','2023-11-17')
, (18,4,7,9,'2024-07-18','2024-10-09','2024-10-17')
, (19,5,2,2,'2021-12-08','2022-05-05','2022-05-13')
, (20,3,3,3,'2025-07-31','2025-12-20','2026-01-21')
, (21,5,5,10,'2024-12-26','2025-04-09','2025-07-12')
, (22,9,5,7,'2022-06-17','2022-07-17','2022-08-07')
, (23,8,7,6,'2021-03-17','2021-07-25','2021-08-02')
, (24,6,1,10,'2021-06-17','2021-09-20','2021-10-01')
, (25,7,9,2,'2026-04-14','2026-06-25','2026-07-16')
, (26,1,1,1,'2026-11-19','2026-12-25','2027-01-02')
, (27,7,6,8,'2022-04-14','2022-06-17','2022-09-15')
, (28,3,1,9,'2021-03-15','2021-04-27','2021-06-26')
, (29,6,9,9,'2021-11-15','2021-12-31','2022-01-25')
, (30,1,4,8,'2020-11-29','2021-03-07','2021-05-04')
, (31,1,1,1,'2026-08-03','2026-10-03','2026-11-13')
, (32,1,4,1,'2025-11-26','2025-12-26','2026-03-27')
, (33,2,10,9,'2020-08-24','2020-10-28','2021-01-01')
, (34,3,1,4,'2024-07-27','2024-12-18','2025-04-17')
, (35,7,5,10,'2022-12-05','2023-02-24','2023-03-18')
, (36,4,7,2,'2025-01-22','2025-03-09','2025-06-05')
, (37,5,10,3,'2025-12-19','2026-03-21','2026-06-25')
, (38,7,6,4,'2021-02-24','2021-05-22','2021-07-26')
, (39,9,1,8,'2020-04-03','2020-06-11','2020-08-31')
, (40,9,5,1,'2023-11-28','2024-03-05','2024-06-24')
, (41,5,10,5,'2023-10-04','2024-01-08','2024-04-20')
, (42,7,3,8,'2024-12-31','2025-04-22','2025-07-21')
, (43,1,9,7,'2026-11-05','2027-03-14','2027-05-15')
, (44,10,2,6,'2024-01-10','2024-02-28','2024-05-03')
, (45,3,1,7,'2023-02-14','2023-05-14','2023-08-19')
, (46,1,2,6,'2025-03-03','2025-05-05','2025-07-19')
, (47,9,3,5,'2020-01-24','2020-03-19','2020-04-23')
, (48,4,1,5,'2021-08-12','2021-09-12','2021-10-29')
, (49,5,4,6,'2024-05-23','2024-07-05','2024-09-04')
, (50,4,2,3,'2024-06-19','2024-07-20','2024-11-03')
;
SELECT * FROM article OFFSET (SELECT COUNT(*) FROM article) - 10;


-- PHASE
INSERT INTO phase (
        project_id,
        delivery_address_id,
        name,
        description,
        date_start_client,
        date_start_planned,
        date_end_planned,
        date_end_client,
        manworkdays
)
VALUES
  (1,1,'phase01','Desciption for project01 - phase01','2025-07-25','2025-07-29','2025-08-14','2025-08-22',16)
, (1,2,'phase02','Desciption for project01 - phase02','2025-08-22','2025-08-26','2025-09-14','2025-09-19',19)
, (1,3,'phase03','Desciption for project01 - phase03','2025-09-19','2025-10-05','2025-10-14','2025-10-17',9)
, (2,4,'phase01','Desciption for project02 - phase04','2020-08-07','2020-08-10','2020-08-11','2020-08-14',1)
, (2,5,'phase02','Desciption for project02 - phase05','2020-08-14','2020-08-18','2020-08-18','2020-08-21',0)
, (2,6,'phase03','Desciption for project02 - phase06','2020-08-22','2020-08-22','2020-08-29','2020-08-29',7)
, (3,7,'phase01','Desciption for project03 - phase07','2026-08-17','2026-08-23','2026-08-23','2026-09-08',0)
, (3,8,'phase02','Desciption for project03 - phase08','2026-09-08','2026-09-20','2026-09-30','2026-09-30',10)
, (3,9,'phase03','Desciption for project03 - phase09','2026-10-01','2026-10-20','2026-10-21','2026-10-23',1)
, (4,10,'phase01','Desciption for project04 - phase10','2026-05-27','2026-05-28','2026-06-03','2026-06-05',6)
, (4,11,'phase02','Desciption for project04 - phase11','2026-06-05','2026-06-13','2026-06-13','2026-06-14',0)
, (4,12,'phase03','Desciption for project04 - phase12','2026-06-14','2026-06-19','2026-06-22','2026-06-23',3)
, (5,13,'phase01','Desciption for project05 - phase13','2023-11-20','2023-11-23','2023-12-02','2023-12-13',9)
, (5,14,'phase02','Desciption for project05 - phase14','2023-12-13','2024-01-05','2024-01-05','2024-01-05',0)
, (5,15,'phase03','Desciption for project05 - phase15','2024-01-05','2024-01-17','2024-01-17','2024-01-28',0)
, (6,16,'phase01','Desciption for project06 - phase16','2021-04-10','2021-04-18','2021-04-25','2021-04-27',7)
, (6,17,'phase02','Desciption for project06 - phase17','2021-04-27','2021-05-12','2021-05-12','2021-05-14',0)
, (6,18,'phase03','Desciption for project06 - phase18','2021-05-14','2021-05-16','2021-05-25','2021-05-31',9)
, (7,19,'phase01','Desciption for project07 - phase19','2026-03-29','2026-04-03','2026-04-09','2026-04-20',6)
, (7,20,'phase02','Desciption for project07 - phase20','2026-04-20','2026-05-02','2026-05-09','2026-05-12',7)
, (7,21,'phase03','Desciption for project07 - phase21','2026-05-13','2026-05-23','2026-05-28','2026-06-04',5)
, (8,22,'phase01','Desciption for project08 - phase22','2023-01-06','2023-01-11','2023-01-11','2023-01-13',0)
, (8,23,'phase02','Desciption for project08 - phase23','2023-01-13','2023-01-17','2023-01-19','2023-01-20',2)
, (8,24,'phase03','Desciption for project08 - phase24','2023-01-21','2023-01-22','2023-01-25','2023-01-28',3)
, (9,25,'phase01','Desciption for project09 - phase25','2024-11-17','2024-11-19','2024-11-19','2024-11-20',0)
, (9,26,'phase02','Desciption for project09 - phase26','2024-11-20','2024-11-22','2024-11-23','2024-11-23',1)
, (9,27,'phase03','Desciption for project09 - phase27','2024-11-23','2024-11-23','2024-11-23','2024-11-26',0)
, (10,28,'phase01','Desciption for project10 - phase28','2023-11-24','2023-12-23','2023-12-23','2023-12-30',0)
, (10,29,'phase02','Desciption for project10 - phase29','2023-12-30','2024-01-27','2024-02-03','2024-02-04',7)
, (10,30,'phase03','Desciption for project10 - phase30','2024-02-05','2024-02-12','2024-02-25','2024-03-12',13)
, (11,31,'phase01','Desciption for project11 - phase31','2025-05-15','2025-06-01','2025-06-01','2025-06-01',0)
, (11,32,'phase02','Desciption for project11 - phase32','2025-06-01','2025-06-17','2025-06-17','2025-06-18',0)
, (11,33,'phase03','Desciption for project11 - phase33','2025-06-18','2025-06-30','2025-07-04','2025-07-05',4)
, (12,34,'phase01','Desciption for project12 - phase34','2026-07-21','2026-07-23','2026-07-28','2026-07-28',5)
, (12,35,'phase02','Desciption for project12 - phase35','2026-07-28','2026-08-02','2026-08-03','2026-08-04',1)
, (12,36,'phase03','Desciption for project12 - phase36','2026-08-04','2026-08-09','2026-08-09','2026-08-11',0)
, (13,37,'phase01','Desciption for project13 - phase37','2024-12-31','2025-01-27','2025-02-01','2025-02-07',5)
, (13,38,'phase02','Desciption for project13 - phase38','2025-02-07','2025-02-12','2025-02-21','2025-03-17',9)
, (13,39,'phase03','Desciption for project13 - phase39','2025-03-17','2025-03-18','2025-04-11','2025-04-24',24)
, (14,40,'phase01','Desciption for project14 - phase40','2025-08-31','2025-09-14','2025-09-23','2025-10-06',9)
, (14,41,'phase02','Desciption for project14 - phase41','2025-10-06','2025-11-04','2025-11-07','2025-11-11',3)
, (14,42,'phase03','Desciption for project14 - phase42','2025-11-11','2025-12-08','2025-12-12','2025-12-17',4)
, (15,43,'phase01','Desciption for project15 - phase43','2021-12-07','2021-12-11','2021-12-11','2021-12-14',0)
, (15,44,'phase02','Desciption for project15 - phase44','2021-12-14','2021-12-15','2021-12-20','2021-12-21',5)
, (15,45,'phase03','Desciption for project15 - phase45','2021-12-21','2021-12-22','2021-12-22','2021-12-28',0)
, (16,46,'phase01','Desciption for project16 - phase46','2026-02-05','2026-02-14','2026-03-02','2026-03-12',16)
, (16,47,'phase02','Desciption for project16 - phase47','2026-03-12','2026-04-12','2026-04-15','2026-04-16',3)
, (16,48,'phase03','Desciption for project16 - phase48','2026-04-16','2026-05-05','2026-05-17','2026-05-21',12)
, (17,49,'phase01','Desciption for project17 - phase49','2023-09-02','2023-09-20','2023-09-27','2023-09-27',7)
, (17,50,'phase02','Desciption for project17 - phase50','2023-09-27','2023-10-03','2023-10-22','2023-10-22',19)
, (17,51,'phase03','Desciption for project17 - phase51','2023-10-22','2023-11-07','2023-11-10','2023-11-16',3)
, (18,52,'phase01','Desciption for project18 - phase52','2024-10-09','2024-10-09','2024-10-10','2024-10-11',1)
, (18,53,'phase02','Desciption for project18 - phase53','2024-10-11','2024-10-13','2024-10-13','2024-10-13',0)
, (18,54,'phase03','Desciption for project18 - phase54','2024-10-14','2024-10-16','2024-10-16','2024-10-16',0)
, (19,55,'phase01','Desciption for project19 - phase55','2022-05-05','2022-05-07','2022-05-07','2022-05-07',0)
, (19,56,'phase02','Desciption for project19 - phase56','2022-05-07','2022-05-08','2022-05-08','2022-05-09',0)
, (19,57,'phase03','Desciption for project19 - phase57','2022-05-10','2022-05-11','2022-05-12','2022-05-12',1)
, (20,58,'phase01','Desciption for project20 - phase58','2025-12-20','2025-12-20','2025-12-21','2025-12-30',1)
, (20,59,'phase02','Desciption for project20 - phase59','2025-12-30','2026-01-06','2026-01-09','2026-01-09',3)
, (20,60,'phase03','Desciption for project20 - phase60','2026-01-10','2026-01-11','2026-01-20','2026-01-20',9)
, (21,61,'phase01','Desciption for project21 - phase61','2025-04-09','2025-04-14','2025-04-20','2025-05-10',6)
, (21,62,'phase02','Desciption for project21 - phase62','2025-05-10','2025-05-15','2025-06-02','2025-06-10',18)
, (21,63,'phase03','Desciption for project21 - phase63','2025-06-10','2025-06-10','2025-06-29','2025-07-11',19)
, (22,64,'phase01','Desciption for project22 - phase64','2022-07-17','2022-07-20','2022-07-23','2022-07-24',3)
, (22,65,'phase02','Desciption for project22 - phase65','2022-07-24','2022-07-29','2022-07-29','2022-07-31',0)
, (22,66,'phase03','Desciption for project22 - phase66','2022-07-31','2022-08-01','2022-08-06','2022-08-07',5)
, (23,67,'phase01','Desciption for project23 - phase67','2021-07-25','2021-07-26','2021-07-27','2021-07-27',1)
, (23,68,'phase02','Desciption for project23 - phase68','2021-07-27','2021-07-28','2021-07-28','2021-07-29',0)
, (23,69,'phase03','Desciption for project23 - phase69','2021-07-30','2021-08-01','2021-08-01','2021-08-01',0)
, (24,70,'phase01','Desciption for project24 - phase70','2021-09-20','2021-09-20','2021-09-22','2021-09-23',2)
, (24,71,'phase02','Desciption for project24 - phase71','2021-09-23','2021-09-25','2021-09-25','2021-09-26',0)
, (24,72,'phase03','Desciption for project24 - phase72','2021-09-27','2021-09-30','2021-09-30','2021-09-30',0)
, (25,73,'phase01','Desciption for project25 - phase73','2026-06-25','2026-06-27','2026-07-01','2026-07-02',4)
, (25,74,'phase02','Desciption for project25 - phase74','2026-07-02','2026-07-05','2026-07-09','2026-07-09',4)
, (25,75,'phase03','Desciption for project25 - phase75','2026-07-09','2026-07-10','2026-07-11','2026-07-16',1)
, (26,76,'phase01','Desciption for project26 - phase76','2026-12-25','2026-12-26','2026-12-27','2026-12-27',1)
, (26,77,'phase02','Desciption for project26 - phase77','2026-12-27','2026-12-27','2026-12-28','2026-12-29',1)
, (26,78,'phase03','Desciption for project26 - phase78','2026-12-30','2026-12-31','2026-12-31','2027-01-01',0)
, (27,79,'phase01','Desciption for project27 - phase79','2022-06-17','2022-06-22','2022-06-28','2022-07-17',6)
, (27,80,'phase02','Desciption for project27 - phase80','2022-07-17','2022-08-15','2022-08-16','2022-08-16',1)
, (27,81,'phase03','Desciption for project27 - phase81','2022-08-16','2022-09-13','2022-09-15','2022-09-15',2)
, (28,82,'phase01','Desciption for project28 - phase82','2021-04-27','2021-05-17','2021-05-17','2021-05-17',0)
, (28,83,'phase02','Desciption for project28 - phase83','2021-05-17','2021-05-17','2021-05-20','2021-06-06',3)
, (28,84,'phase03','Desciption for project28 - phase84','2021-06-06','2021-06-07','2021-06-08','2021-06-26',1)
, (29,85,'phase01','Desciption for project29 - phase85','2021-12-31','2022-01-04','2022-01-07','2022-01-08',3)
, (29,86,'phase02','Desciption for project29 - phase86','2022-01-08','2022-01-08','2022-01-08','2022-01-16',0)
, (29,87,'phase03','Desciption for project29 - phase87','2022-01-16','2022-01-19','2022-01-20','2022-01-24',1)
, (30,88,'phase01','Desciption for project30 - phase88','2021-03-07','2021-03-11','2021-03-14','2021-03-26',3)
, (30,89,'phase02','Desciption for project30 - phase89','2021-03-26','2021-03-31','2021-04-03','2021-04-14',3)
, (30,90,'phase03','Desciption for project30 - phase90','2021-04-14','2021-05-01','2021-05-03','2021-05-03',2)
, (31,91,'phase01','Desciption for project31 - phase91','2026-10-03','2026-10-08','2026-10-13','2026-10-16',5)
, (31,92,'phase02','Desciption for project31 - phase92','2026-10-16','2026-10-23','2026-10-23','2026-10-29',0)
, (31,93,'phase03','Desciption for project31 - phase93','2026-10-30','2026-11-02','2026-11-10','2026-11-12',8)
, (32,94,'phase01','Desciption for project32 - phase94','2025-12-26','2025-12-30','2026-01-20','2026-01-25',21)
, (32,95,'phase02','Desciption for project32 - phase95','2026-01-25','2026-01-31','2026-02-19','2026-02-24',19)
, (32,96,'phase03','Desciption for project32 - phase96','2026-02-24','2026-03-15','2026-03-24','2026-03-26',9)
, (33,97,'phase01','Desciption for project33 - phase97','2020-10-28','2020-10-29','2020-11-06','2020-11-18',8)
, (33,98,'phase02','Desciption for project33 - phase98','2020-11-18','2020-12-05','2020-12-07','2020-12-09',2)
, (33,99,'phase03','Desciption for project33 - phase99','2020-12-10','2020-12-15','2020-12-26','2020-12-31',11)
, (34,100,'phase01','Desciption for project34 - phase100','2024-12-18','2024-12-30','2025-01-02','2025-01-27',3)
, (34,101,'phase02','Desciption for project34 - phase101','2025-01-27','2025-03-06','2025-03-06','2025-03-08',0)
, (34,102,'phase03','Desciption for project34 - phase102','2025-03-08','2025-03-24','2025-04-13','2025-04-17',20)
, (35,103,'phase01','Desciption for project35 - phase103','2023-02-24','2023-03-01','2023-03-02','2023-03-03',1)
, (35,104,'phase02','Desciption for project35 - phase104','2023-03-03','2023-03-06','2023-03-07','2023-03-10',1)
, (35,105,'phase03','Desciption for project35 - phase105','2023-03-10','2023-03-17','2023-03-17','2023-03-17',0)
, (36,106,'phase01','Desciption for project36 - phase106','2025-03-09','2025-04-02','2025-04-05','2025-04-07',3)
, (36,107,'phase02','Desciption for project36 - phase107','2025-04-07','2025-04-30','2025-05-01','2025-05-06',1)
, (36,108,'phase03','Desciption for project36 - phase108','2025-05-06','2025-05-09','2025-05-28','2025-06-04',19)
, (37,109,'phase01','Desciption for project37 - phase109','2026-03-21','2026-03-29','2026-04-03','2026-04-22',5)
, (37,110,'phase02','Desciption for project37 - phase110','2026-04-22','2026-04-26','2026-05-10','2026-05-24',14)
, (37,111,'phase03','Desciption for project37 - phase111','2026-05-24','2026-06-11','2026-06-17','2026-06-25',6)
, (38,112,'phase01','Desciption for project38 - phase112','2021-05-22','2021-05-30','2021-06-05','2021-06-12',6)
, (38,113,'phase02','Desciption for project38 - phase113','2021-06-12','2021-06-26','2021-07-03','2021-07-03',7)
, (38,114,'phase03','Desciption for project38 - phase114','2021-07-04','2021-07-10','2021-07-18','2021-07-25',8)
, (39,115,'phase01','Desciption for project39 - phase115','2020-06-11','2020-06-25','2020-07-07','2020-07-08',12)
, (39,116,'phase02','Desciption for project39 - phase116','2020-07-08','2020-07-31','2020-07-31','2020-08-04',0)
, (39,117,'phase03','Desciption for project39 - phase117','2020-08-04','2020-08-13','2020-08-31','2020-08-31',18)
, (40,118,'phase01','Desciption for project40 - phase118','2024-03-05','2024-04-05','2024-04-05','2024-04-11',0)
, (40,119,'phase02','Desciption for project40 - phase119','2024-04-11','2024-04-29','2024-05-14','2024-05-18',15)
, (40,120,'phase03','Desciption for project40 - phase120','2024-05-18','2024-06-20','2024-06-23','2024-06-24',3)
, (41,121,'phase01','Desciption for project41 - phase121','2024-01-08','2024-01-08','2024-01-12','2024-02-11',4)
, (41,122,'phase02','Desciption for project41 - phase122','2024-02-11','2024-03-02','2024-03-14','2024-03-16',12)
, (41,123,'phase03','Desciption for project41 - phase123','2024-03-16','2024-03-28','2024-04-05','2024-04-19',8)
, (42,124,'phase01','Desciption for project42 - phase124','2025-04-22','2025-05-13','2025-05-16','2025-05-22',3)
, (42,125,'phase02','Desciption for project42 - phase125','2025-05-22','2025-05-25','2025-06-14','2025-06-21',20)
, (42,126,'phase03','Desciption for project42 - phase126','2025-06-21','2025-07-01','2025-07-14','2025-07-21',13)
, (43,127,'phase01','Desciption for project43 - phase127','2027-03-14','2027-03-25','2027-04-03','2027-04-03',9)
, (43,128,'phase02','Desciption for project43 - phase128','2027-04-03','2027-04-14','2027-04-22','2027-04-23',8)
, (43,129,'phase03','Desciption for project43 - phase129','2027-04-24','2027-05-03','2027-05-05','2027-05-14',2)
, (44,130,'phase01','Desciption for project44 - phase130','2024-02-28','2024-03-15','2024-03-17','2024-03-20',2)
, (44,131,'phase02','Desciption for project44 - phase131','2024-03-20','2024-04-01','2024-04-01','2024-04-10',0)
, (44,132,'phase03','Desciption for project44 - phase132','2024-04-11','2024-04-15','2024-04-21','2024-05-02',6)
, (45,133,'phase01','Desciption for project45 - phase133','2023-05-14','2023-05-16','2023-06-15','2023-06-15',30)
, (45,134,'phase02','Desciption for project45 - phase134','2023-06-15','2023-07-03','2023-07-13','2023-07-17',10)
, (45,135,'phase03','Desciption for project45 - phase135','2023-07-17','2023-08-02','2023-08-09','2023-08-18',7)
, (46,136,'phase01','Desciption for project46 - phase136','2025-05-05','2025-05-19','2025-05-26','2025-05-30',7)
, (46,137,'phase02','Desciption for project46 - phase137','2025-05-30','2025-06-04','2025-06-18','2025-06-24',14)
, (46,138,'phase03','Desciption for project46 - phase138','2025-06-24','2025-07-18','2025-07-19','2025-07-19',1)
, (47,139,'phase01','Desciption for project47 - phase139','2020-03-19','2020-03-21','2020-03-25','2020-03-30',4)
, (47,140,'phase02','Desciption for project47 - phase140','2020-03-30','2020-04-07','2020-04-10','2020-04-10',3)
, (47,141,'phase03','Desciption for project47 - phase141','2020-04-11','2020-04-13','2020-04-21','2020-04-22',8)
, (48,142,'phase01','Desciption for project48 - phase142','2021-09-12','2021-09-17','2021-09-19','2021-09-27',2)
, (48,143,'phase02','Desciption for project48 - phase143','2021-09-27','2021-09-28','2021-10-06','2021-10-12',8)
, (48,144,'phase03','Desciption for project48 - phase144','2021-10-13','2021-10-13','2021-10-23','2021-10-28',10)
, (49,145,'phase01','Desciption for project49 - phase145','2024-07-05','2024-07-19','2024-07-20','2024-07-25',1)
, (49,146,'phase02','Desciption for project49 - phase146','2024-07-25','2024-07-27','2024-07-27','2024-08-14',0)
, (49,147,'phase03','Desciption for project49 - phase147','2024-08-14','2024-08-26','2024-08-26','2024-09-03',0)
, (50,148,'phase01','Desciption for project50 - phase148','2024-07-20','2024-08-24','2024-08-24','2024-08-24',0)
, (50,149,'phase02','Desciption for project50 - phase149','2024-08-24','2024-08-30','2024-09-02','2024-09-28',3)
, (50,150,'phase03','Desciption for project50 - phase150','2024-09-28','2024-10-20','2024-10-27','2024-11-02',7)
;

SELECT * FROM phase OFFSET ( SELECT COUNT(*) FROM phase ) - 10;

-- ORDERLINE
INSERT INTO
    orderline (
        phase_id,
        sales_price,
        amount,
        article_id,
        --dates
        date_acceptance,
        date_ordered,
        date_confirmed,
        date_received,
        date_issued,
        date_delivered,
        date_installed,
        date_accepted,
        date_invoiced,
        date_paid,
        date_closed
    )
VALUES
  (134,18396,1,77,'2023-02-14','2023-02-16','2023-06-11','2023-06-11','2023-07-02','2023-07-05','2023-07-13','2023-07-20','2023-07-27','2023-08-03','2023-08-10')
, (112,9054,3,67,'2021-02-24','2021-02-27','2021-04-23','2021-04-23','2021-05-25','2021-05-28','2021-06-05','2021-06-12','2021-06-19','2021-06-26','2021-07-03')
, (88,7925,1,64,'2020-11-29','2020-12-01','2021-03-02','2021-03-02','2021-03-08','2021-03-10','2021-03-14','2021-03-21','2021-03-28','2021-04-04','2021-04-11')
, (4,17873,3,40,'2020-05-31','2020-06-02','2020-07-13','2020-07-13','2020-08-07','2020-08-08','2020-08-11','2020-08-18','2020-08-25','2020-09-01','2020-09-08')
, (133,6516,2,68,'2023-02-14','2023-02-15','2023-03-16','2023-03-16','2023-05-12','2023-05-14','2023-06-15','2023-06-22','2023-06-29','2023-07-06','2023-07-13')
, (144,16556,1,3,'2021-08-12','2021-08-12','2021-10-05','2021-10-05','2021-10-10','2021-10-12','2021-10-23','2021-10-30','2021-11-06','2021-11-13','2021-11-20')
, (89,7689,1,43,'2020-11-29','2020-12-01','2021-02-21','2021-02-21','2021-03-31','2021-04-02','2021-04-03','2021-04-10','2021-04-17','2021-04-24','2021-05-01')
, (132,10244,2,91,'2024-01-10','2024-01-11','2024-03-15','2024-03-15','2024-04-12','2024-04-14','2024-04-21','2024-04-28','2024-05-05','2024-05-12','2024-05-19')
, (108,11319,1,57,'2025-01-22','2025-01-24','2025-03-15','2025-03-15','2025-05-08','2025-05-10',null,null,null,null,null)
, (68,2472,3,65,'2021-03-17','2021-03-20','2021-05-22','2021-05-22','2021-07-27','2021-07-29','2021-07-28','2021-08-04','2021-08-11','2021-08-18','2021-08-25')
, (125,1919,2,23,'2024-12-31','2025-01-02',null,null,null,null,null,null,null,null,null)
, (16,6773,2,68,'2020-12-08','2020-12-08','2021-02-28','2021-02-28','2021-04-18','2021-04-19','2021-04-25','2021-05-02','2021-05-09','2021-05-16','2021-05-23')
, (74,3932,2,5,null,null,null,null,null,null,null,null,null,null,null)
, (148,4396,3,5,'2024-06-19','2024-06-20','2024-07-11','2024-07-11','2024-08-23','2024-08-23','2024-08-24','2024-08-31','2024-09-07','2024-09-14','2024-09-21')
, (146,332,3,1,'2024-05-23','2024-05-24','2024-07-07','2024-07-07','2024-07-25','2024-07-26','2024-07-27','2024-08-03','2024-08-10','2024-08-17','2024-08-24')
, (119,313,3,83,'2023-11-28','2023-12-01','2024-02-05','2024-02-05','2024-04-27','2024-04-30','2024-05-14','2024-05-21','2024-05-28','2024-06-04','2024-06-11')
, (73,5122,1,92,null,null,null,null,null,null,null,null,null,null,null)
, (145,7201,2,49,'2024-05-23','2024-05-23','2024-06-23','2024-06-23','2024-07-18','2024-07-19','2024-07-20','2024-07-27','2024-08-03','2024-08-10','2024-08-17')
, (145,326,1,1,'2024-05-23','2024-05-26','2024-06-14','2024-06-14','2024-07-20','2024-07-20','2024-07-20','2024-07-27','2024-08-03','2024-08-10','2024-08-17')
, (105,15542,2,3,'2022-12-05','2022-12-05','2022-12-07','2022-12-07','2023-03-15','2023-03-16','2023-03-17','2023-03-24','2023-03-31','2023-04-07','2023-04-14')
, (93,288,3,24,null,null,null,null,null,null,null,null,null,null,null)
, (87,9542,3,48,'2021-11-15','2021-11-16','2022-01-04','2022-01-04','2022-01-18','2022-01-21','2022-01-20','2022-01-27','2022-02-03','2022-02-10','2022-02-17')
, (149,15418,1,71,'2024-06-19','2024-06-21','2024-08-31','2024-08-31','2024-08-31','2024-08-31','2024-09-02','2024-09-09','2024-09-16','2024-09-23','2024-09-30')
, (133,8143,3,61,'2023-02-14','2023-02-16','2023-03-17','2023-03-17','2023-05-13','2023-05-15','2023-06-15','2023-06-22','2023-06-29','2023-07-06','2023-07-13')
, (129,10895,3,67,null,null,null,null,null,null,null,null,null,null,null)
, (37,13172,3,52,'2024-10-02','2024-10-02','2024-11-06','2024-11-06','2025-01-24','2025-01-27','2025-02-01','2025-02-08','2025-02-15','2025-02-22','2025-03-01')
, (130,13205,3,76,'2024-01-10','2024-01-11','2024-01-15','2024-01-15','2024-03-12','2024-03-15','2024-03-17','2024-03-24','2024-03-31','2024-04-07','2024-04-14')
, (138,595,3,85,'2025-03-03','2025-03-06',null,null,null,null,null,null,null,null,null)
, (128,13559,2,76,null,null,null,null,null,null,null,null,null,null,null)
, (14,5205,2,92,'2023-10-12','2023-10-14','2023-11-11','2023-11-11','2024-01-07','2024-01-07','2024-01-05','2024-01-12','2024-01-19','2024-01-26','2024-02-02')
, (133,4331,1,92,'2023-02-14','2023-02-14','2023-05-08','2023-05-08','2023-05-17','2023-05-18','2023-06-15','2023-06-22','2023-06-29','2023-07-06','2023-07-13')
, (54,15199,3,40,'2024-07-18','2024-07-19','2024-10-17','2024-10-17','2024-10-17','2024-10-18','2024-10-16','2024-10-23','2024-10-30','2024-11-06','2024-11-13')
, (82,15618,3,90,'2021-03-15','2021-03-15','2021-05-13','2021-05-13','2021-05-15','2021-05-17','2021-05-17','2021-05-24','2021-05-31','2021-06-07','2021-06-14')
, (44,9637,3,47,'2021-10-13','2021-10-13','2021-10-30','2021-10-30','2021-12-12','2021-12-13','2021-12-20','2021-12-27','2022-01-03','2022-01-10','2022-01-17')
, (110,15913,1,40,null,null,null,null,null,null,null,null,null,null,null)
, (110,12196,2,35,null,null,null,null,null,null,null,null,null,null,null)
, (33,142,1,7,'2025-01-05','2025-01-05',null,null,null,null,null,null,null,null,null)
, (79,11518,3,42,'2022-04-14','2022-04-14','2022-04-26','2022-04-26','2022-06-19','2022-06-20','2022-06-28','2022-07-05','2022-07-12','2022-07-19','2022-07-26')
, (7,6521,3,43,null,null,null,null,null,null,null,null,null,null,null)
, (36,535,1,85,null,null,null,null,null,null,null,null,null,null,null)
, (114,6950,2,10,'2021-02-24','2021-02-25','2021-03-06','2021-03-06','2021-07-07','2021-07-10','2021-07-18','2021-07-25','2021-08-01','2021-08-08','2021-08-15')
, (117,13785,2,79,'2020-04-03','2020-04-04','2020-07-10','2020-07-10','2020-08-13','2020-08-14','2020-08-31','2020-09-07','2020-09-14','2020-09-21','2020-09-28')
, (51,14929,1,99,'2023-07-31','2023-07-31','2023-10-12','2023-10-12','2023-11-04','2023-11-06','2023-11-10','2023-11-17','2023-11-24','2023-12-01','2023-12-08')
, (120,9627,3,67,'2023-11-28','2023-12-01','2024-05-12','2024-05-12','2024-06-20','2024-06-22','2024-06-23','2024-06-30','2024-07-07','2024-07-14','2024-07-21')
, (2,10157,1,26,'2025-03-05','2025-03-07',null,null,null,null,null,null,null,null,null)
, (65,13343,1,60,'2022-06-17','2022-06-17','2022-06-21','2022-06-21','2022-07-24','2022-07-27','2022-07-29','2022-08-05','2022-08-12','2022-08-19','2022-08-26')
, (132,17486,3,96,'2024-01-10','2024-01-10','2024-04-03','2024-04-03','2024-04-13','2024-04-14','2024-04-21','2024-04-28','2024-05-05','2024-05-12','2024-05-19')
, (69,11170,2,15,'2021-03-17','2021-03-19','2021-06-11','2021-06-11','2021-07-29','2021-07-31','2021-08-01','2021-08-08','2021-08-15','2021-08-22','2021-08-29')
, (15,11753,2,15,'2023-10-12','2023-10-14','2023-10-20','2023-10-20','2024-01-15','2024-01-18','2024-01-17','2024-01-24','2024-01-31','2024-02-07','2024-02-14')
, (78,17909,2,3,null,null,null,null,null,null,null,null,null,null,null)
, (141,14783,2,84,'2020-01-24','2020-01-25','2020-03-12','2020-03-12','2020-04-12','2020-04-13','2020-04-21','2020-04-28','2020-05-05','2020-05-12','2020-05-19')
, (80,13222,3,52,'2022-04-14','2022-04-14','2022-04-28','2022-04-28','2022-08-15','2022-08-15','2022-08-16','2022-08-23','2022-08-30','2022-09-06','2022-09-13')
, (48,6681,3,2,null,null,null,null,null,null,null,null,null,null,null)
, (46,13114,2,91,null,null,null,null,null,null,null,null,null,null,null)
, (48,17750,2,30,null,null,null,null,null,null,null,null,null,null,null)
, (145,8945,3,100,'2024-05-23','2024-05-24','2024-07-11','2024-07-11','2024-07-19','2024-07-20','2024-07-20','2024-07-27','2024-08-03','2024-08-10','2024-08-17')
, (26,16308,2,75,'2024-07-01','2024-07-04','2024-11-20','2024-11-20','2024-11-22','2024-11-22','2024-11-23','2024-11-30','2024-12-07','2024-12-14','2024-12-21')
, (33,9485,1,50,'2025-01-05','2025-01-06',null,null,null,null,null,null,null,null,null)
, (24,2632,3,27,'2022-10-22','2022-10-24','2022-12-14','2022-12-14','2023-01-20','2023-01-23','2023-01-25','2023-02-01','2023-02-08','2023-02-15','2023-02-22')
, (27,10550,2,15,'2024-07-01','2024-07-03','2024-07-30','2024-07-30','2024-11-19','2024-11-22','2024-11-23','2024-11-30','2024-12-07','2024-12-14','2024-12-21')
, (140,11275,3,33,'2020-01-24','2020-01-25','2020-02-26','2020-02-26','2020-04-04','2020-04-06','2020-04-10','2020-04-17','2020-04-24','2020-05-01','2020-05-08')
, (73,11069,1,57,null,null,null,null,null,null,null,null,null,null,null)
, (65,324,1,24,'2022-06-17','2022-06-17','2022-07-09','2022-07-09','2022-07-25','2022-07-28','2022-07-29','2022-08-05','2022-08-12','2022-08-19','2022-08-26')
, (72,11142,2,41,'2021-06-17','2021-06-19','2021-08-26','2021-08-26','2021-09-27','2021-09-29','2021-09-30','2021-10-07','2021-10-14','2021-10-21','2021-10-28')
, (109,8766,3,19,null,null,null,null,null,null,null,null,null,null,null)
, (14,16631,1,30,'2023-10-12','2023-10-12','2023-10-31','2023-10-31','2024-01-04','2024-01-07','2024-01-05','2024-01-12','2024-01-19','2024-01-26','2024-02-02')
, (131,13110,2,34,'2024-01-10','2024-01-10','2024-03-05','2024-03-05','2024-04-01','2024-04-03','2024-04-01','2024-04-08','2024-04-15','2024-04-22','2024-04-29')
, (13,4353,2,5,'2023-10-12','2023-10-13','2023-11-14','2023-11-14','2023-11-22','2023-11-25','2023-12-02','2023-12-09','2023-12-16','2023-12-23','2023-12-30')
, (46,7626,3,74,null,null,null,null,null,null,null,null,null,null,null)
, (9,13700,3,76,null,null,null,null,null,null,null,null,null,null,null)
, (108,3766,2,46,'2025-01-22','2025-01-23','2025-04-12','2025-04-12','2025-05-08','2025-05-11',null,null,null,null,null)
, (4,7500,2,73,'2020-05-31','2020-06-01','2020-07-10','2020-07-10','2020-08-10','2020-08-12','2020-08-11','2020-08-18','2020-08-25','2020-09-01','2020-09-08')
, (111,15259,3,72,null,null,null,null,null,null,null,null,null,null,null)
, (16,8194,1,17,'2020-12-08','2020-12-08','2021-01-25','2021-01-25','2021-04-16','2021-04-17','2021-04-25','2021-05-02','2021-05-09','2021-05-16','2021-05-23')
, (47,18229,3,63,null,null,null,null,null,null,null,null,null,null,null)
, (94,12688,1,34,null,null,null,null,null,null,null,null,null,null,null)
, (34,6212,1,93,null,null,null,null,null,null,null,null,null,null,null)
, (38,2121,1,65,'2024-10-02','2024-10-03','2024-11-29','2024-11-29','2025-02-10','2025-02-12','2025-02-21','2025-02-28','2025-03-07','2025-03-14','2025-03-21')
, (27,13364,3,15,'2024-07-01','2024-07-04','2024-08-12','2024-08-12','2024-11-20','2024-11-22','2024-11-23','2024-11-30','2024-12-07','2024-12-14','2024-12-21')
, (66,3504,2,87,'2022-06-17','2022-06-17','2022-06-26','2022-06-26','2022-07-29','2022-08-01','2022-08-06','2022-08-13','2022-08-20','2022-08-27','2022-09-03')
, (17,5125,2,86,'2020-12-08','2020-12-08','2021-03-19','2021-03-19','2021-05-11','2021-05-13','2021-05-12','2021-05-19','2021-05-26','2021-06-02','2021-06-09')
, (83,12668,3,35,'2021-03-15','2021-03-18','2021-03-24','2021-03-24','2021-05-14','2021-05-15','2021-05-20','2021-05-27','2021-06-03','2021-06-10','2021-06-17')
, (50,1600,3,23,'2023-07-31','2023-07-31','2023-09-30','2023-09-30','2023-10-01','2023-10-02','2023-10-22','2023-10-29','2023-11-05','2023-11-12','2023-11-19')
, (80,16682,3,38,'2022-04-14','2022-04-15','2022-06-27','2022-06-27','2022-08-12','2022-08-14','2022-08-16','2022-08-23','2022-08-30','2022-09-06','2022-09-13')
, (71,250,1,24,'2021-06-17','2021-06-17','2021-07-23','2021-07-23','2021-09-27','2021-09-27','2021-09-25','2021-10-02','2021-10-09','2021-10-16','2021-10-23')
, (13,9349,2,32,'2023-10-12','2023-10-12','2023-11-10','2023-11-10','2023-11-19','2023-11-21','2023-12-02','2023-12-09','2023-12-16','2023-12-23','2023-12-30')
, (13,3697,2,5,'2023-10-12','2023-10-15','2023-11-10','2023-11-10','2023-11-22','2023-11-24','2023-12-02','2023-12-09','2023-12-16','2023-12-23','2023-12-30')
, (73,3947,2,5,null,null,null,null,null,null,null,null,null,null,null)
, (47,12272,2,97,null,null,null,null,null,null,null,null,null,null,null)
, (41,4155,2,25,null,null,null,null,null,null,null,null,null,null,null)
, (91,16308,3,21,null,null,null,null,null,null,null,null,null,null,null)
, (73,5860,3,51,null,null,null,null,null,null,null,null,null,null,null)
, (91,10943,2,47,null,null,null,null,null,null,null,null,null,null,null)
, (116,14874,1,4,'2020-04-03','2020-04-05','2020-06-20','2020-06-20','2020-08-02','2020-08-02','2020-07-31','2020-08-07','2020-08-14','2020-08-21','2020-08-28')
, (129,12581,1,15,null,null,null,null,null,null,null,null,null,null,null)
, (71,11647,3,98,'2021-06-17','2021-06-17','2021-07-23','2021-07-23','2021-09-24','2021-09-24','2021-09-25','2021-10-02','2021-10-09','2021-10-16','2021-10-23')
, (39,5932,3,51,'2024-10-02','2024-10-04','2025-02-26','2025-02-26','2025-03-18','2025-03-18','2025-04-11','2025-04-18','2025-04-25','2025-05-02','2025-05-09')
, (3,15637,1,29,'2025-03-05','2025-03-06',null,null,null,null,null,null,null,null,null)
, (57,15032,1,21,'2021-12-08','2021-12-09','2022-01-21','2022-01-21','2022-05-07','2022-05-10','2022-05-12','2022-05-19','2022-05-26','2022-06-02','2022-06-09')
, (129,12385,1,91,null,null,null,null,null,null,null,null,null,null,null)
, (142,10361,2,81,'2021-08-12','2021-08-12','2021-08-16','2021-08-16','2021-09-16','2021-09-17','2021-09-19','2021-09-26','2021-10-03','2021-10-10','2021-10-17')
, (86,9466,3,41,'2021-11-15','2021-11-16','2021-12-07','2021-12-07','2022-01-04','2022-01-07','2022-01-08','2022-01-15','2022-01-22','2022-01-29','2022-02-05')
, (116,10074,1,82,'2020-04-03','2020-04-06','2020-06-13','2020-06-13','2020-07-28','2020-07-31','2020-07-31','2020-08-07','2020-08-14','2020-08-21','2020-08-28')
, (35,470,3,22,null,null,null,null,null,null,null,null,null,null,null)
, (79,11346,3,32,'2022-04-14','2022-04-16','2022-05-21','2022-05-21','2022-06-20','2022-06-21','2022-06-28','2022-07-05','2022-07-12','2022-07-19','2022-07-26')
, (119,14452,1,60,'2023-11-28','2023-12-01','2023-12-20','2023-12-20','2024-04-24','2024-04-27','2024-05-14','2024-05-21','2024-05-28','2024-06-04','2024-06-11')
, (6,6170,3,16,'2020-05-31','2020-06-02','2020-06-15','2020-06-15','2020-08-21','2020-08-22','2020-08-29','2020-09-05','2020-09-12','2020-09-19','2020-09-26')
, (53,18274,1,96,'2024-07-18','2024-07-20','2024-08-03','2024-08-03','2024-10-11','2024-10-14','2024-10-13','2024-10-20','2024-10-27','2024-11-03','2024-11-10')
, (146,10650,3,97,'2024-05-23','2024-05-24','2024-06-27','2024-06-27','2024-07-26','2024-07-29','2024-07-27','2024-08-03','2024-08-10','2024-08-17','2024-08-24')
, (86,15988,3,75,'2021-11-15','2021-11-16','2021-12-08','2021-12-08','2022-01-07','2022-01-09','2022-01-08','2022-01-15','2022-01-22','2022-01-29','2022-02-05')
, (57,8978,3,19,'2021-12-08','2021-12-11','2022-04-30','2022-04-30','2022-05-08','2022-05-10','2022-05-12','2022-05-19','2022-05-26','2022-06-02','2022-06-09')
, (96,14360,2,38,null,null,null,null,null,null,null,null,null,null,null)
, (58,33,3,56,null,null,null,null,null,null,null,null,null,null,null)
, (43,3787,3,5,'2021-10-13','2021-10-14','2021-12-02','2021-12-02','2021-12-06','2021-12-09','2021-12-11','2021-12-18','2021-12-25','2022-01-01','2022-01-08')
, (107,7824,3,10,'2025-01-22','2025-01-22','2025-02-21','2025-02-21','2025-04-29','2025-04-29','2025-05-01','2025-05-08','2025-05-15',null,null)
, (113,6527,1,93,'2021-02-24','2021-02-25','2021-06-27','2021-06-27','2021-06-27','2021-06-27','2021-07-03','2021-07-10','2021-07-17','2021-07-24','2021-07-31')
, (1,14781,3,13,'2025-03-05','2025-03-08',null,null,null,null,null,null,null,null,null)
, (70,12734,3,45,'2021-06-17','2021-06-19','2021-06-20','2021-06-20','2021-09-19','2021-09-21','2021-09-22','2021-09-29','2021-10-06','2021-10-13','2021-10-20')
, (131,3984,2,25,'2024-01-10','2024-01-11','2024-01-26','2024-01-26','2024-03-31','2024-04-02','2024-04-01','2024-04-08','2024-04-15','2024-04-22','2024-04-29')
, (42,10677,1,33,null,null,null,null,null,null,null,null,null,null,null)
, (30,18370,2,84,'2023-07-31','2023-08-01','2023-10-11','2023-10-11','2024-02-12','2024-02-12','2024-02-25','2024-03-03','2024-03-10','2024-03-17','2024-03-24')
, (17,12390,2,42,'2020-12-08','2020-12-11','2021-05-06','2021-05-06','2021-05-13','2021-05-14','2021-05-12','2021-05-19','2021-05-26','2021-06-02','2021-06-09')
, (80,17062,3,84,'2022-04-14','2022-04-17','2022-07-01','2022-07-01','2022-08-14','2022-08-17','2022-08-16','2022-08-23','2022-08-30','2022-09-06','2022-09-13')
, (62,4214,3,53,'2024-12-26','2024-12-27','2025-02-16','2025-02-16','2025-05-15','2025-05-17',null,null,null,null,null)
, (61,8788,1,64,'2024-12-26','2024-12-28','2025-02-05','2025-02-05','2025-04-10','2025-04-12','2025-04-20','2025-04-27','2025-05-04','2025-05-11','2025-05-18')
, (95,14181,1,76,null,null,null,null,null,null,null,null,null,null,null)
, (145,17313,1,77,'2024-05-23','2024-05-25','2024-06-17','2024-06-17','2024-07-20','2024-07-21','2024-07-20','2024-07-27','2024-08-03','2024-08-10','2024-08-17')
, (18,13467,3,12,'2020-12-08','2020-12-09','2021-02-28','2021-02-28','2021-05-14','2021-05-15','2021-05-25','2021-06-01','2021-06-08','2021-06-15','2021-06-22')
, (55,307,2,24,'2021-12-08','2021-12-10','2022-02-15','2022-02-15','2022-05-08','2022-05-09','2022-05-07','2022-05-14','2022-05-21','2022-05-28','2022-06-04')
, (21,17810,2,89,null,null,null,null,null,null,null,null,null,null,null)
, (116,8192,3,10,'2020-04-03','2020-04-05','2020-07-20','2020-07-20','2020-07-30','2020-07-31','2020-07-31','2020-08-07','2020-08-14','2020-08-21','2020-08-28')
, (65,14433,1,79,'2022-06-17','2022-06-18','2022-07-11','2022-07-11','2022-07-27','2022-07-27','2022-07-29','2022-08-05','2022-08-12','2022-08-19','2022-08-26')
, (41,15125,2,75,null,null,null,null,null,null,null,null,null,null,null)
, (64,7382,3,73,'2022-06-17','2022-06-19','2022-07-19','2022-07-19','2022-07-21','2022-07-22','2022-07-23','2022-07-30','2022-08-06','2022-08-13','2022-08-20')
, (126,7429,2,11,'2024-12-31','2025-01-01',null,null,null,null,null,null,null,null,null)
, (51,6005,2,11,'2023-07-31','2023-08-02','2023-08-16','2023-08-16','2023-11-04','2023-11-07','2023-11-10','2023-11-17','2023-11-24','2023-12-01','2023-12-08')
, (120,14723,1,42,'2023-11-28','2023-11-30','2024-03-23','2024-03-23','2024-06-16','2024-06-19','2024-06-23','2024-06-30','2024-07-07','2024-07-14','2024-07-21')
, (137,10976,1,67,'2025-03-03','2025-03-04',null,null,null,null,null,null,null,null,null)
, (125,19446,2,63,'2024-12-31','2025-01-01',null,null,null,null,null,null,null,null,null)
, (47,17726,3,89,null,null,null,null,null,null,null,null,null,null,null)
, (112,3307,3,44,'2021-02-24','2021-02-26','2021-04-20','2021-04-20','2021-05-28','2021-05-30','2021-06-05','2021-06-12','2021-06-19','2021-06-26','2021-07-03')
, (128,5456,1,6,null,null,null,null,null,null,null,null,null,null,null)
, (92,6769,1,51,null,null,null,null,null,null,null,null,null,null,null)
, (58,295,3,83,null,null,null,null,null,null,null,null,null,null,null)
, (53,136,3,7,'2024-07-18','2024-07-18','2024-09-18','2024-09-18','2024-10-15','2024-10-15','2024-10-13','2024-10-20','2024-10-27','2024-11-03','2024-11-10')
, (14,2087,2,66,'2023-10-12','2023-10-14','2023-12-26','2023-12-26','2024-01-05','2024-01-07','2024-01-05','2024-01-12','2024-01-19','2024-01-26','2024-02-02')
, (127,5067,1,86,null,null,null,null,null,null,null,null,null,null,null)
, (103,3556,2,87,'2022-12-05','2022-12-07','2023-02-19','2023-02-19','2023-02-26','2023-02-27','2023-03-02','2023-03-09','2023-03-16','2023-03-23','2023-03-30')
, (52,9948,3,41,'2024-07-18','2024-07-20','2024-10-05','2024-10-05','2024-10-08','2024-10-08','2024-10-10','2024-10-17','2024-10-24','2024-10-31','2024-11-07')
, (80,29,1,56,'2022-04-14','2022-04-15','2022-07-26','2022-07-26','2022-08-13','2022-08-15','2022-08-16','2022-08-23','2022-08-30','2022-09-06','2022-09-13')
, (50,6700,3,93,'2023-07-31','2023-07-31','2023-09-12','2023-09-12','2023-10-02','2023-10-04','2023-10-22','2023-10-29','2023-11-05','2023-11-12','2023-11-19')
, (90,9595,2,80,'2020-11-29','2020-11-30','2021-02-06','2021-02-06','2021-04-27','2021-04-30','2021-05-03','2021-05-10','2021-05-17','2021-05-24','2021-05-31')
, (141,10065,3,32,'2020-01-24','2020-01-27','2020-03-24','2020-03-24','2020-04-13','2020-04-14','2020-04-21','2020-04-28','2020-05-05','2020-05-12','2020-05-19')
, (44,4962,1,86,'2021-10-13','2021-10-16','2021-11-21','2021-11-21','2021-12-11','2021-12-13','2021-12-20','2021-12-27','2022-01-03','2022-01-10','2022-01-17')
, (139,14235,1,42,'2020-01-24','2020-01-27','2020-02-18','2020-02-18','2020-03-18','2020-03-21','2020-03-25','2020-04-01','2020-04-08','2020-04-15','2020-04-22')
, (76,1661,1,23,null,null,null,null,null,null,null,null,null,null,null)
, (127,15157,1,60,null,null,null,null,null,null,null,null,null,null,null)
, (105,17176,3,75,'2022-12-05','2022-12-07','2023-03-08','2023-03-08','2023-03-19','2023-03-19','2023-03-17','2023-03-24','2023-03-31','2023-04-07','2023-04-14')
, (41,10306,3,80,null,null,null,null,null,null,null,null,null,null,null)
, (79,12633,2,79,'2022-04-14','2022-04-17','2022-05-17','2022-05-17','2022-06-19','2022-06-21','2022-06-28','2022-07-05','2022-07-12','2022-07-19','2022-07-26')
, (24,11700,3,57,'2022-10-22','2022-10-24','2022-12-06','2022-12-06','2023-01-20','2023-01-23','2023-01-25','2023-02-01','2023-02-08','2023-02-15','2023-02-22')
, (147,6983,3,68,'2024-05-23','2024-05-23','2024-07-28','2024-07-28','2024-08-26','2024-08-26','2024-08-26','2024-09-02','2024-09-09','2024-09-16','2024-09-23')
, (83,13864,2,21,'2021-03-15','2021-03-17','2021-05-14','2021-05-14','2021-05-16','2021-05-18','2021-05-20','2021-05-27','2021-06-03','2021-06-10','2021-06-17')
, (53,14389,2,21,'2024-07-18','2024-07-20','2024-10-11','2024-10-11','2024-10-11','2024-10-14','2024-10-13','2024-10-20','2024-10-27','2024-11-03','2024-11-10')
, (46,5298,1,55,null,null,null,null,null,null,null,null,null,null,null)
, (23,16262,1,14,'2022-10-22','2022-10-25','2022-11-30','2022-11-30','2023-01-17','2023-01-17','2023-01-19','2023-01-26','2023-02-02','2023-02-09','2023-02-16')
, (129,5530,1,8,null,null,null,null,null,null,null,null,null,null,null)
, (20,11558,2,12,null,null,null,null,null,null,null,null,null,null,null)
, (85,8194,2,64,'2021-11-15','2021-11-15','2021-12-20','2021-12-20','2022-01-03','2022-01-03','2022-01-07','2022-01-14','2022-01-21','2022-01-28','2022-02-04')
, (58,10995,2,48,null,null,null,null,null,null,null,null,null,null,null)
, (131,13962,1,60,'2024-01-10','2024-01-11','2024-03-02','2024-03-02','2024-04-03','2024-04-03','2024-04-01','2024-04-08','2024-04-15','2024-04-22','2024-04-29')
, (103,6218,2,16,'2022-12-05','2022-12-06','2023-02-04','2023-02-04','2023-03-02','2023-03-03','2023-03-02','2023-03-09','2023-03-16','2023-03-23','2023-03-30')
, (54,7487,2,51,'2024-07-18','2024-07-18','2024-07-26','2024-07-26','2024-10-14','2024-10-17','2024-10-16','2024-10-23','2024-10-30','2024-11-06','2024-11-13')
, (89,15149,1,4,'2020-11-29','2020-12-02','2021-01-27','2021-01-27','2021-03-30','2021-03-31','2021-04-03','2021-04-10','2021-04-17','2021-04-24','2021-05-01')
, (86,6502,3,2,'2021-11-15','2021-11-18','2021-11-29','2021-11-29','2022-01-09','2022-01-09','2022-01-08','2022-01-15','2022-01-22','2022-01-29','2022-02-05')
, (119,12003,3,94,'2023-11-28','2023-11-30','2024-03-15','2024-03-15','2024-04-30','2024-04-30','2024-05-14','2024-05-21','2024-05-28','2024-06-04','2024-06-11')
, (142,9332,3,81,'2021-08-12','2021-08-12','2021-09-11','2021-09-11','2021-09-13','2021-09-16','2021-09-19','2021-09-26','2021-10-03','2021-10-10','2021-10-17')
, (137,9054,3,64,'2025-03-03','2025-03-06',null,null,null,null,null,null,null,null,null)
, (33,4942,1,55,'2025-01-05','2025-01-05',null,null,null,null,null,null,null,null,null)
, (33,12517,2,12,'2025-01-05','2025-01-07',null,null,null,null,null,null,null,null,null)
, (90,4333,2,5,'2020-11-29','2020-12-01','2021-02-28','2021-02-28','2021-04-28','2021-04-30','2021-05-03','2021-05-10','2021-05-17','2021-05-24','2021-05-31')
, (17,3883,1,25,'2020-12-08','2020-12-09','2021-03-15','2021-03-15','2021-05-13','2021-05-13','2021-05-12','2021-05-19','2021-05-26','2021-06-02','2021-06-09')
, (32,18453,2,96,'2025-01-05','2025-01-05',null,null,null,null,null,null,null,null,null)
, (114,9853,2,62,'2021-02-24','2021-02-25','2021-03-17','2021-03-17','2021-07-11','2021-07-11','2021-07-18','2021-07-25','2021-08-01','2021-08-08','2021-08-15')
, (94,9066,2,81,null,null,null,null,null,null,null,null,null,null,null)
, (13,1343,1,54,'2023-10-12','2023-10-13','2023-11-13','2023-11-13','2023-11-23','2023-11-23','2023-12-02','2023-12-09','2023-12-16','2023-12-23','2023-12-30')
, (109,4629,1,92,null,null,null,null,null,null,null,null,null,null,null)
, (77,13775,3,72,null,null,null,null,null,null,null,null,null,null,null)
, (68,317,2,83,'2021-03-17','2021-03-19','2021-05-01','2021-05-01','2021-07-28','2021-07-28','2021-07-28','2021-08-04','2021-08-11','2021-08-18','2021-08-25')
, (37,5903,2,6,'2024-10-02','2024-10-05','2024-12-15','2024-12-15','2025-01-26','2025-01-28','2025-02-01','2025-02-08','2025-02-15','2025-02-22','2025-03-01')
, (90,18647,2,28,'2020-11-29','2020-11-29','2021-02-26','2021-02-26','2021-05-01','2021-05-03','2021-05-03','2021-05-10','2021-05-17','2021-05-24','2021-05-31')
, (47,550,1,59,null,null,null,null,null,null,null,null,null,null,null)
, (114,7954,2,100,'2021-02-24','2021-02-24','2021-03-15','2021-03-15','2021-07-09','2021-07-11','2021-07-18','2021-07-25','2021-08-01','2021-08-08','2021-08-15')
, (115,13073,1,42,'2020-04-03','2020-04-03','2020-06-09','2020-06-09','2020-06-25','2020-06-25','2020-07-07','2020-07-14','2020-07-21','2020-07-28','2020-08-04')
, (98,11319,3,12,'2020-08-24','2020-08-24','2020-11-10','2020-11-10','2020-12-03','2020-12-05','2020-12-07','2020-12-14','2020-12-21','2020-12-28','2021-01-04')
, (135,11458,3,15,'2023-02-14','2023-02-14','2023-07-15','2023-07-15','2023-08-03','2023-08-04','2023-08-09','2023-08-16','2023-08-23','2023-08-30','2023-09-06')
, (89,15397,3,14,'2020-11-29','2020-11-30','2021-01-08','2021-01-08','2021-03-30','2021-04-02','2021-04-03','2021-04-10','2021-04-17','2021-04-24','2021-05-01')
, (15,14329,3,20,'2023-10-12','2023-10-15','2023-12-01','2023-12-01','2024-01-18','2024-01-18','2024-01-17','2024-01-24','2024-01-31','2024-02-07','2024-02-14')
, (79,4063,1,53,'2022-04-14','2022-04-17','2022-05-16','2022-05-16','2022-06-17','2022-06-20','2022-06-28','2022-07-05','2022-07-12','2022-07-19','2022-07-26')
, (127,13875,1,14,null,null,null,null,null,null,null,null,null,null,null)
, (92,3064,2,44,null,null,null,null,null,null,null,null,null,null,null)
, (34,8500,3,100,null,null,null,null,null,null,null,null,null,null,null)
, (51,16521,3,37,'2023-07-31','2023-08-01','2023-11-05','2023-11-05','2023-11-08','2023-11-09','2023-11-10','2023-11-17','2023-11-24','2023-12-01','2023-12-08')
, (12,18219,1,3,null,null,null,null,null,null,null,null,null,null,null)
, (110,123,1,7,null,null,null,null,null,null,null,null,null,null,null)
, (26,5175,3,92,'2024-07-01','2024-07-04','2024-11-19','2024-11-19','2024-11-21','2024-11-23','2024-11-23','2024-11-30','2024-12-07','2024-12-14','2024-12-21')
, (77,5228,1,31,null,null,null,null,null,null,null,null,null,null,null)
, (38,14987,1,29,'2024-10-02','2024-10-02','2024-11-24','2024-11-24','2025-02-13','2025-02-13','2025-02-21','2025-02-28','2025-03-07','2025-03-14','2025-03-21')
, (54,1334,3,54,'2024-07-18','2024-07-20','2024-08-24','2024-08-24','2024-10-15','2024-10-18','2024-10-16','2024-10-23','2024-10-30','2024-11-06','2024-11-13')
, (123,9639,3,26,'2023-10-04','2023-10-04','2024-03-12','2024-03-12','2024-03-27','2024-03-29','2024-04-05','2024-04-12','2024-04-19','2024-04-26','2024-05-03')
, (141,15896,1,90,'2020-01-24','2020-01-25','2020-03-12','2020-03-12','2020-04-15','2020-04-15','2020-04-21','2020-04-28','2020-05-05','2020-05-12','2020-05-19')
, (101,2631,1,69,'2024-07-27','2024-07-29','2024-09-26','2024-09-26','2025-03-07','2025-03-07','2025-03-06','2025-03-13','2025-03-20','2025-03-27','2025-04-03')
, (47,17253,2,89,null,null,null,null,null,null,null,null,null,null,null)
, (31,16434,3,3,'2025-01-05','2025-01-08',null,null,null,null,null,null,null,null,null)
, (47,5434,1,6,null,null,null,null,null,null,null,null,null,null,null)
, (128,17216,2,99,null,null,null,null,null,null,null,null,null,null,null)
, (138,16134,3,40,'2025-03-03','2025-03-04',null,null,null,null,null,null,null,null,null)
, (1,8669,2,100,'2025-03-05','2025-03-07',null,null,null,null,null,null,null,null,null)
, (70,8555,3,19,'2021-06-17','2021-06-19','2021-06-27','2021-06-27','2021-09-20','2021-09-20','2021-09-22','2021-09-29','2021-10-06','2021-10-13','2021-10-20')
, (101,9981,3,88,'2024-07-27','2024-07-28','2025-02-04','2025-02-04','2025-03-06','2025-03-06','2025-03-06','2025-03-13','2025-03-20','2025-03-27','2025-04-03')
, (84,3726,3,87,'2021-03-15','2021-03-18','2021-03-30','2021-03-30','2021-06-05','2021-06-05','2021-06-08','2021-06-15','2021-06-22','2021-06-29','2021-07-06')
, (19,435,1,59,null,null,null,null,null,null,null,null,null,null,null)
, (106,15451,1,90,'2025-01-22','2025-01-22','2025-03-11','2025-03-11','2025-04-02','2025-04-04','2025-04-05','2025-04-12','2025-04-19','2025-04-26','2025-05-03')
, (137,12175,3,62,'2025-03-03','2025-03-03',null,null,null,null,null,null,null,null,null)
, (54,9453,2,26,'2024-07-18','2024-07-21','2024-09-09','2024-09-09','2024-10-16','2024-10-16','2024-10-16','2024-10-23','2024-10-30','2024-11-06','2024-11-13')
, (19,11834,3,45,null,null,null,null,null,null,null,null,null,null,null)
, (39,7573,3,93,'2024-10-02','2024-10-02','2024-10-04','2024-10-04','2025-03-14','2025-03-16','2025-04-11','2025-04-18','2025-04-25','2025-05-02','2025-05-09')
, (12,16460,1,20,null,null,null,null,null,null,null,null,null,null,null)
, (88,8537,1,47,'2020-11-29','2020-11-29','2021-02-03','2021-02-03','2021-03-12','2021-03-12','2021-03-14','2021-03-21','2021-03-28','2021-04-04','2021-04-11')
, (44,10485,1,80,'2021-10-13','2021-10-13','2021-11-29','2021-11-29','2021-12-11','2021-12-13','2021-12-20','2021-12-27','2022-01-03','2022-01-10','2022-01-17')
, (126,10963,2,32,'2024-12-31','2024-12-31',null,null,null,null,null,null,null,null,null)
, (108,3005,2,58,'2025-01-22','2025-01-23','2025-01-31','2025-01-31','2025-05-08','2025-05-11',null,null,null,null,null)
, (133,12562,1,94,'2023-02-14','2023-02-16','2023-04-06','2023-04-06','2023-05-12','2023-05-14','2023-06-15','2023-06-22','2023-06-29','2023-07-06','2023-07-13')
, (91,11481,3,48,null,null,null,null,null,null,null,null,null,null,null)
, (4,2549,1,18,'2020-05-31','2020-06-02','2020-06-23','2020-06-23','2020-08-09','2020-08-12','2020-08-11','2020-08-18','2020-08-25','2020-09-01','2020-09-08')
, (55,13111,3,71,'2021-12-08','2021-12-10','2022-02-25','2022-02-25','2022-05-08','2022-05-08','2022-05-07','2022-05-14','2022-05-21','2022-05-28','2022-06-04')
, (22,7699,1,61,'2022-10-22','2022-10-23','2022-11-20','2022-11-20','2023-01-11','2023-01-11','2023-01-11','2023-01-18','2023-01-25','2023-02-01','2023-02-08')
, (48,6791,1,93,null,null,null,null,null,null,null,null,null,null,null)
, (69,1534,2,23,'2021-03-17','2021-03-18','2021-03-25','2021-03-25','2021-07-30','2021-07-31','2021-08-01','2021-08-08','2021-08-15','2021-08-22','2021-08-29')
, (37,8615,1,100,'2024-10-02','2024-10-04','2024-12-10','2024-12-10','2025-01-25','2025-01-25','2025-02-01','2025-02-08','2025-02-15','2025-02-22','2025-03-01')
, (146,4441,2,9,'2024-05-23','2024-05-26','2024-05-29','2024-05-29','2024-07-24','2024-07-27','2024-07-27','2024-08-03','2024-08-10','2024-08-17','2024-08-24')
, (116,10398,1,98,'2020-04-03','2020-04-04','2020-05-29','2020-05-29','2020-07-28','2020-07-31','2020-07-31','2020-08-07','2020-08-14','2020-08-21','2020-08-28')
, (121,3785,2,9,'2023-10-04','2023-10-04','2023-10-13','2023-10-13','2024-01-05','2024-01-07','2024-01-12','2024-01-19','2024-01-26','2024-02-02','2024-02-09')
, (67,11201,1,32,'2021-03-17','2021-03-19','2021-05-08','2021-05-08','2021-07-26','2021-07-26','2021-07-27','2021-08-03','2021-08-10','2021-08-17','2021-08-24')
, (61,6770,1,43,'2024-12-26','2024-12-28','2025-01-02','2025-01-02','2025-04-14','2025-04-14','2025-04-20','2025-04-27','2025-05-04','2025-05-11','2025-05-18')
, (101,9346,3,47,'2024-07-27','2024-07-30','2025-02-25','2025-02-25','2025-03-04','2025-03-06','2025-03-06','2025-03-13','2025-03-20','2025-03-27','2025-04-03')
, (95,14016,1,84,null,null,null,null,null,null,null,null,null,null,null)
, (18,6165,1,68,'2020-12-08','2020-12-10','2021-05-05','2021-05-05','2021-05-15','2021-05-18','2021-05-25','2021-06-01','2021-06-08','2021-06-15','2021-06-22')
, (38,2643,3,58,'2024-10-02','2024-10-05','2024-11-27','2024-11-27','2025-02-13','2025-02-13','2025-02-21','2025-02-28','2025-03-07','2025-03-14','2025-03-21')
, (8,16855,1,84,null,null,null,null,null,null,null,null,null,null,null)
, (131,11875,3,88,'2024-01-10','2024-01-12','2024-03-07','2024-03-07','2024-03-30','2024-04-01','2024-04-01','2024-04-08','2024-04-15','2024-04-22','2024-04-29')
, (150,6274,1,2,'2024-06-19','2024-06-22','2024-08-16','2024-08-16','2024-10-17','2024-10-19','2024-10-27','2024-11-03','2024-11-10','2024-11-17','2024-11-24')
, (54,5053,3,92,'2024-07-18','2024-07-20','2024-07-29','2024-07-29','2024-10-14','2024-10-15','2024-10-16','2024-10-23','2024-10-30','2024-11-06','2024-11-13')
, (63,5891,1,2,'2024-12-26','2024-12-27',null,null,null,null,null,null,null,null,null)
, (113,13505,2,14,'2021-02-24','2021-02-24','2021-06-13','2021-06-13','2021-06-26','2021-06-28','2021-07-03','2021-07-10','2021-07-17','2021-07-24','2021-07-31')
, (111,6771,1,93,null,null,null,null,null,null,null,null,null,null,null)
, (83,468,3,85,'2021-03-15','2021-03-17','2021-03-24','2021-03-24','2021-05-15','2021-05-16','2021-05-20','2021-05-27','2021-06-03','2021-06-10','2021-06-17')
, (138,336,2,70,'2025-03-03','2025-03-04',null,null,null,null,null,null,null,null,null)
, (59,14759,2,21,null,null,null,null,null,null,null,null,null,null,null)
, (8,16628,2,77,null,null,null,null,null,null,null,null,null,null,null)
, (134,12228,1,91,'2023-02-14','2023-02-14','2023-05-02','2023-05-02','2023-07-04','2023-07-04','2023-07-13','2023-07-20','2023-07-27','2023-08-03','2023-08-10')
, (57,5489,2,68,'2021-12-08','2021-12-11','2022-02-03','2022-02-03','2022-05-12','2022-05-13','2022-05-12','2022-05-19','2022-05-26','2022-06-02','2022-06-09')
, (65,9958,2,19,'2022-06-17','2022-06-19','2022-07-22','2022-07-22','2022-07-30','2022-07-31','2022-07-29','2022-08-05','2022-08-12','2022-08-19','2022-08-26')
, (109,3574,1,87,null,null,null,null,null,null,null,null,null,null,null)
, (5,15906,1,29,'2020-05-31','2020-06-02','2020-07-03','2020-07-03','2020-08-18','2020-08-20','2020-08-18','2020-08-25','2020-09-01','2020-09-08','2020-09-15')
, (129,9506,1,62,null,null,null,null,null,null,null,null,null,null,null)
, (101,2258,1,18,'2024-07-27','2024-07-29','2025-01-01','2025-01-01','2025-03-05','2025-03-06','2025-03-06','2025-03-13','2025-03-20','2025-03-27','2025-04-03')
, (16,11955,1,62,'2020-12-08','2020-12-09','2021-03-08','2021-03-08','2021-04-16','2021-04-18','2021-04-25','2021-05-02','2021-05-09','2021-05-16','2021-05-23')
, (117,11418,2,76,'2020-04-03','2020-04-06','2020-05-03','2020-05-03','2020-08-11','2020-08-13','2020-08-31','2020-09-07','2020-09-14','2020-09-21','2020-09-28')
, (137,10861,3,94,'2025-03-03','2025-03-05',null,null,null,null,null,null,null,null,null)
, (115,14127,2,90,'2020-04-03','2020-04-04','2020-06-02','2020-06-02','2020-06-27','2020-06-27','2020-07-07','2020-07-14','2020-07-21','2020-07-28','2020-08-04')
, (29,2936,1,58,'2023-07-31','2023-08-01','2023-11-29','2023-11-29','2024-01-28','2024-01-29','2024-02-03','2024-02-10','2024-02-17','2024-02-24','2024-03-02')
, (76,9842,1,57,null,null,null,null,null,null,null,null,null,null,null)
, (98,14255,1,95,'2020-08-24','2020-08-24','2020-12-01','2020-12-01','2020-12-04','2020-12-06','2020-12-07','2020-12-14','2020-12-21','2020-12-28','2021-01-04')
, (10,11711,2,95,null,null,null,null,null,null,null,null,null,null,null)
, (42,247,1,24,null,null,null,null,null,null,null,null,null,null,null)
, (122,18405,3,40,'2023-10-04','2023-10-05','2024-01-12','2024-01-12','2024-02-29','2024-03-02','2024-03-14','2024-03-21','2024-03-28','2024-04-04','2024-04-11')
, (50,10738,1,48,'2023-07-31','2023-07-31','2023-09-21','2023-09-21','2023-10-02','2023-10-03','2023-10-22','2023-10-29','2023-11-05','2023-11-12','2023-11-19')
, (139,12382,1,39,'2020-01-24','2020-01-25','2020-02-03','2020-02-03','2020-03-19','2020-03-21','2020-03-25','2020-04-01','2020-04-08','2020-04-15','2020-04-22')
, (50,3658,2,25,'2023-07-31','2023-08-03','2023-09-08','2023-09-08','2023-10-04','2023-10-05','2023-10-22','2023-10-29','2023-11-05','2023-11-12','2023-11-19')
, (11,270,2,24,null,null,null,null,null,null,null,null,null,null,null)
, (145,12063,3,35,'2024-05-23','2024-05-24','2024-06-29','2024-06-29','2024-07-20','2024-07-20','2024-07-20','2024-07-27','2024-08-03','2024-08-10','2024-08-17')
, (40,16782,2,99,null,null,null,null,null,null,null,null,null,null,null)
, (21,4849,2,53,null,null,null,null,null,null,null,null,null,null,null)
, (47,468,3,59,null,null,null,null,null,null,null,null,null,null,null)
, (26,11111,2,62,'2024-07-01','2024-07-02','2024-09-21','2024-09-21','2024-11-19','2024-11-22','2024-11-23','2024-11-30','2024-12-07','2024-12-14','2024-12-21')
, (58,14164,2,38,null,null,null,null,null,null,null,null,null,null,null)
, (77,4417,3,53,null,null,null,null,null,null,null,null,null,null,null)
, (11,8684,2,74,null,null,null,null,null,null,null,null,null,null,null)
, (139,5052,3,31,'2020-01-24','2020-01-27','2020-03-21','2020-03-21','2020-03-21','2020-03-21','2020-03-25','2020-04-01','2020-04-08','2020-04-15','2020-04-22')
, (55,17177,1,28,'2021-12-08','2021-12-09','2022-04-28','2022-04-28','2022-05-05','2022-05-06','2022-05-07','2022-05-14','2022-05-21','2022-05-28','2022-06-04')
, (138,16209,3,14,'2025-03-03','2025-03-05',null,null,null,null,null,null,null,null,null)
, (109,9837,2,47,null,null,null,null,null,null,null,null,null,null,null)
, (45,7968,1,10,'2021-10-13','2021-10-13','2021-11-20','2021-11-20','2021-12-20','2021-12-22','2021-12-22','2021-12-29','2022-01-05','2022-01-12','2022-01-19')
, (54,13314,3,29,'2024-07-18','2024-07-18','2024-08-25','2024-08-25','2024-10-14','2024-10-15','2024-10-16','2024-10-23','2024-10-30','2024-11-06','2024-11-13')
, (130,16141,2,37,'2024-01-10','2024-01-12','2024-02-03','2024-02-03','2024-03-14','2024-03-14','2024-03-17','2024-03-24','2024-03-31','2024-04-07','2024-04-14')
, (60,14383,3,38,null,null,null,null,null,null,null,null,null,null,null)
, (95,6633,3,73,null,null,null,null,null,null,null,null,null,null,null)
, (129,10352,1,88,null,null,null,null,null,null,null,null,null,null,null)
, (67,6855,1,11,'2021-03-17','2021-03-20','2021-04-13','2021-04-13','2021-07-25','2021-07-28','2021-07-27','2021-08-03','2021-08-10','2021-08-17','2021-08-24')
, (29,2761,3,69,'2023-07-31','2023-07-31','2023-08-09','2023-08-09','2024-01-24','2024-01-26','2024-02-03','2024-02-10','2024-02-17','2024-02-24','2024-03-02')
, (67,487,2,22,'2021-03-17','2021-03-17','2021-06-05','2021-06-05','2021-07-23','2021-07-25','2021-07-27','2021-08-03','2021-08-10','2021-08-17','2021-08-24')
, (75,7223,1,51,null,null,null,null,null,null,null,null,null,null,null)
, (124,16759,2,84,'2024-12-31','2024-12-31','2025-03-01','2025-03-01','2025-05-11','2025-05-12','2025-05-16',null,null,null,null)
, (127,3243,1,46,null,null,null,null,null,null,null,null,null,null,null)
, (37,365,1,83,'2024-10-02','2024-10-05','2025-01-08','2025-01-08','2025-01-26','2025-01-28','2025-02-01','2025-02-08','2025-02-15','2025-02-22','2025-03-01')
, (140,8581,1,10,'2020-01-24','2020-01-26','2020-02-27','2020-02-27','2020-04-06','2020-04-07','2020-04-10','2020-04-17','2020-04-24','2020-05-01','2020-05-08')
, (17,6420,2,49,'2020-12-08','2020-12-08','2021-02-06','2021-02-06','2021-05-11','2021-05-11','2021-05-12','2021-05-19','2021-05-26','2021-06-02','2021-06-09')
, (6,9714,3,80,'2020-05-31','2020-06-02','2020-06-08','2020-06-08','2020-08-21','2020-08-24','2020-08-29','2020-09-05','2020-09-12','2020-09-19','2020-09-26')
, (116,12433,2,15,'2020-04-03','2020-04-03','2020-07-17','2020-07-17','2020-08-01','2020-08-01','2020-07-31','2020-08-07','2020-08-14','2020-08-21','2020-08-28')
, (91,11191,2,91,null,null,null,null,null,null,null,null,null,null,null)
, (84,16283,3,37,'2021-03-15','2021-03-16','2021-03-27','2021-03-27','2021-06-07','2021-06-07','2021-06-08','2021-06-15','2021-06-22','2021-06-29','2021-07-06')
, (15,3419,3,87,'2023-10-12','2023-10-15','2023-11-03','2023-11-03','2024-01-16','2024-01-19','2024-01-17','2024-01-24','2024-01-31','2024-02-07','2024-02-14')
, (121,17221,2,96,'2023-10-04','2023-10-06','2023-12-31','2023-12-31','2024-01-04','2024-01-06','2024-01-12','2024-01-19','2024-01-26','2024-02-02','2024-02-09')
, (85,16766,1,13,'2021-11-15','2021-11-15','2021-12-05','2021-12-05','2022-01-03','2022-01-04','2022-01-07','2022-01-14','2022-01-21','2022-01-28','2022-02-04')
, (12,1812,1,66,null,null,null,null,null,null,null,null,null,null,null)
, (104,19065,1,28,'2022-12-05','2022-12-06','2023-02-25','2023-02-25','2023-03-03','2023-03-06','2023-03-07','2023-03-14','2023-03-21','2023-03-28','2023-04-04')
, (72,11050,2,97,'2021-06-17','2021-06-19','2021-09-21','2021-09-21','2021-09-30','2021-09-30','2021-09-30','2021-10-07','2021-10-14','2021-10-21','2021-10-28')
, (134,4690,2,92,'2023-02-14','2023-02-17','2023-04-30','2023-04-30','2023-07-03','2023-07-05','2023-07-13','2023-07-20','2023-07-27','2023-08-03','2023-08-10')
, (30,17011,1,89,'2023-07-31','2023-08-01','2023-09-11','2023-09-11','2024-02-10','2024-02-11','2024-02-25','2024-03-03','2024-03-10','2024-03-17','2024-03-24')
, (143,9798,3,94,'2021-08-12','2021-08-13','2021-09-25','2021-09-25','2021-09-25','2021-09-28','2021-10-06','2021-10-13','2021-10-20','2021-10-27','2021-11-03')
, (116,17338,3,63,'2020-04-03','2020-04-03','2020-07-08','2020-07-08','2020-07-31','2020-08-02','2020-07-31','2020-08-07','2020-08-14','2020-08-21','2020-08-28')
, (147,8626,1,81,'2024-05-23','2024-05-24','2024-07-14','2024-07-14','2024-08-25','2024-08-25','2024-08-26','2024-09-02','2024-09-09','2024-09-16','2024-09-23')
, (95,324,3,1,null,null,null,null,null,null,null,null,null,null,null)
, (64,7081,1,17,'2022-06-17','2022-06-18','2022-07-01','2022-07-01','2022-07-16','2022-07-19','2022-07-23','2022-07-30','2022-08-06','2022-08-13','2022-08-20')
, (127,2152,3,65,null,null,null,null,null,null,null,null,null,null,null)
, (89,11660,3,57,'2020-11-29','2020-12-02','2021-02-23','2021-02-23','2021-04-01','2021-04-01','2021-04-03','2021-04-10','2021-04-17','2021-04-24','2021-05-01')
, (137,9313,3,82,'2025-03-03','2025-03-03',null,null,null,null,null,null,null,null,null)
, (76,12654,1,97,null,null,null,null,null,null,null,null,null,null,null)
, (73,14141,2,14,null,null,null,null,null,null,null,null,null,null,null)
, (98,142,1,7,'2020-08-24','2020-08-27','2020-12-01','2020-12-01','2020-12-05','2020-12-05','2020-12-07','2020-12-14','2020-12-21','2020-12-28','2021-01-04')
, (21,5455,3,31,null,null,null,null,null,null,null,null,null,null,null)
, (96,12105,1,62,null,null,null,null,null,null,null,null,null,null,null)
, (124,7784,1,78,'2024-12-31','2024-12-31','2025-02-16','2025-02-16','2025-05-08','2025-05-11','2025-05-16',null,null,null,null)
, (98,12230,1,35,'2020-08-24','2020-08-24','2020-10-29','2020-10-29','2020-12-03','2020-12-06','2020-12-07','2020-12-14','2020-12-21','2020-12-28','2021-01-04')
, (43,6203,3,43,'2021-10-13','2021-10-13','2021-10-24','2021-10-24','2021-12-10','2021-12-11','2021-12-11','2021-12-18','2021-12-25','2022-01-01','2022-01-08')
, (87,7451,2,43,'2021-11-15','2021-11-15','2022-01-11','2022-01-11','2022-01-17','2022-01-18','2022-01-20','2022-01-27','2022-02-03','2022-02-10','2022-02-17')
, (73,13383,3,15,null,null,null,null,null,null,null,null,null,null,null)
, (86,13346,1,90,'2021-11-15','2021-11-16','2021-12-01','2021-12-01','2022-01-07','2022-01-09','2022-01-08','2022-01-15','2022-01-22','2022-01-29','2022-02-05')
, (36,4125,1,9,null,null,null,null,null,null,null,null,null,null,null)
, (94,7085,3,93,null,null,null,null,null,null,null,null,null,null,null)
, (119,10393,3,32,'2023-11-28','2023-12-01','2024-03-25','2024-03-25','2024-04-30','2024-04-30','2024-05-14','2024-05-21','2024-05-28','2024-06-04','2024-06-11')
, (57,15975,3,14,'2021-12-08','2021-12-11','2022-04-12','2022-04-12','2022-05-08','2022-05-10','2022-05-12','2022-05-19','2022-05-26','2022-06-02','2022-06-09')
, (36,287,3,24,null,null,null,null,null,null,null,null,null,null,null)
, (72,2011,2,66,'2021-06-17','2021-06-17','2021-07-21','2021-07-21','2021-09-28','2021-09-30','2021-09-30','2021-10-07','2021-10-14','2021-10-21','2021-10-28')
, (93,11198,1,91,null,null,null,null,null,null,null,null,null,null,null)
, (84,18000,3,37,'2021-03-15','2021-03-16','2021-05-05','2021-05-05','2021-06-05','2021-06-08','2021-06-08','2021-06-15','2021-06-22','2021-06-29','2021-07-06')
, (24,15615,1,14,'2022-10-22','2022-10-24','2022-11-27','2022-11-27','2023-01-23','2023-01-23','2023-01-25','2023-02-01','2023-02-08','2023-02-15','2023-02-22')
, (46,4796,3,55,null,null,null,null,null,null,null,null,null,null,null)
, (8,15859,2,96,null,null,null,null,null,null,null,null,null,null,null)
, (149,4400,2,31,'2024-06-19','2024-06-20','2024-08-14','2024-08-14','2024-08-28','2024-08-29','2024-09-02','2024-09-09','2024-09-16','2024-09-23','2024-09-30')
, (135,15237,1,21,'2023-02-14','2023-02-14','2023-03-15','2023-03-15','2023-07-31','2023-08-01','2023-08-09','2023-08-16','2023-08-23','2023-08-30','2023-09-06')
, (142,7248,1,8,'2021-08-12','2021-08-12','2021-08-13','2021-08-13','2021-09-16','2021-09-16','2021-09-19','2021-09-26','2021-10-03','2021-10-10','2021-10-17')
, (39,1974,1,66,'2024-10-02','2024-10-05','2024-10-12','2024-10-12','2025-03-15','2025-03-18','2025-04-11','2025-04-18','2025-04-25','2025-05-02','2025-05-09')
, (34,13291,3,76,null,null,null,null,null,null,null,null,null,null,null)
, (46,10693,3,62,null,null,null,null,null,null,null,null,null,null,null)
, (89,5683,1,68,'2020-11-29','2020-11-29','2020-12-13','2020-12-13','2021-03-28','2021-03-31','2021-04-03','2021-04-10','2021-04-17','2021-04-24','2021-05-01')
, (49,16437,3,3,'2023-07-31','2023-08-03','2023-09-03','2023-09-03','2023-09-19','2023-09-19','2023-09-27','2023-10-04','2023-10-11','2023-10-18','2023-10-25')
, (4,5994,1,68,'2020-05-31','2020-06-02','2020-07-24','2020-07-24','2020-08-11','2020-08-11','2020-08-11','2020-08-18','2020-08-25','2020-09-01','2020-09-08')
, (113,9664,3,41,'2021-02-24','2021-02-25','2021-06-14','2021-06-14','2021-06-27','2021-06-28','2021-07-03','2021-07-10','2021-07-17','2021-07-24','2021-07-31')
, (120,5439,1,55,'2023-11-28','2023-11-30','2023-12-18','2023-12-18','2024-06-17','2024-06-19','2024-06-23','2024-06-30','2024-07-07','2024-07-14','2024-07-21')
, (23,14157,1,60,'2022-10-22','2022-10-22','2023-01-11','2023-01-11','2023-01-18','2023-01-18','2023-01-19','2023-01-26','2023-02-02','2023-02-09','2023-02-16')
, (19,1716,1,23,null,null,null,null,null,null,null,null,null,null,null)
, (70,16644,3,3,'2021-06-17','2021-06-20','2021-08-17','2021-08-17','2021-09-19','2021-09-20','2021-09-22','2021-09-29','2021-10-06','2021-10-13','2021-10-20')
, (24,1845,3,66,'2022-10-22','2022-10-24','2022-11-30','2022-11-30','2023-01-23','2023-01-24','2023-01-25','2023-02-01','2023-02-08','2023-02-15','2023-02-22')
, (2,15507,3,77,'2025-03-05','2025-03-06',null,null,null,null,null,null,null,null,null)
, (38,14044,1,34,'2024-10-02','2024-10-03','2024-11-05','2024-11-05','2025-02-12','2025-02-12','2025-02-21','2025-02-28','2025-03-07','2025-03-14','2025-03-21')
, (58,490,1,59,null,null,null,null,null,null,null,null,null,null,null)
, (72,9688,1,48,'2021-06-17','2021-06-20','2021-06-25','2021-06-25','2021-10-01','2021-10-01','2021-09-30','2021-10-07','2021-10-14','2021-10-21','2021-10-28')
, (53,8809,3,100,'2024-07-18','2024-07-19','2024-09-06','2024-09-06','2024-10-11','2024-10-13','2024-10-13','2024-10-20','2024-10-27','2024-11-03','2024-11-10')
, (149,399,2,70,'2024-06-19','2024-06-19','2024-08-24','2024-08-24','2024-08-30','2024-08-31','2024-09-02','2024-09-09','2024-09-16','2024-09-23','2024-09-30')
, (86,1308,1,54,'2021-11-15','2021-11-15','2021-12-18','2021-12-18','2022-01-07','2022-01-09','2022-01-08','2022-01-15','2022-01-22','2022-01-29','2022-02-05')
, (22,10140,1,15,'2022-10-22','2022-10-24','2022-10-25','2022-10-25','2023-01-09','2023-01-12','2023-01-11','2023-01-18','2023-01-25','2023-02-01','2023-02-08')
, (38,16636,3,30,'2024-10-02','2024-10-02','2024-12-13','2024-12-13','2025-02-10','2025-02-13','2025-02-21','2025-02-28','2025-03-07','2025-03-14','2025-03-21')
, (120,349,3,70,'2023-11-28','2023-11-30','2023-12-13','2023-12-13','2024-06-19','2024-06-19','2024-06-23','2024-06-30','2024-07-07','2024-07-14','2024-07-21')
, (112,7252,2,51,'2021-02-24','2021-02-27','2021-05-01','2021-05-01','2021-05-31','2021-05-31','2021-06-05','2021-06-12','2021-06-19','2021-06-26','2021-07-03')
, (7,142,2,7,null,null,null,null,null,null,null,null,null,null,null)
, (98,4424,1,9,'2020-08-24','2020-08-27','2020-12-02','2020-12-02','2020-12-03','2020-12-06','2020-12-07','2020-12-14','2020-12-21','2020-12-28','2021-01-04')
, (63,17113,2,89,'2024-12-26','2024-12-26',null,null,null,null,null,null,null,null,null)
, (111,11228,2,57,null,null,null,null,null,null,null,null,null,null,null)
, (15,4378,1,53,'2023-10-12','2023-10-15','2024-01-04','2024-01-04','2024-01-17','2024-01-19','2024-01-17','2024-01-24','2024-01-31','2024-02-07','2024-02-14')
, (74,4315,1,9,null,null,null,null,null,null,null,null,null,null,null)
, (84,6481,3,8,'2021-03-15','2021-03-15','2021-03-23','2021-03-23','2021-06-08','2021-06-09','2021-06-08','2021-06-15','2021-06-22','2021-06-29','2021-07-06')
, (39,7317,1,43,'2024-10-02','2024-10-05','2024-12-24','2024-12-24','2025-03-18','2025-03-18','2025-04-11','2025-04-18','2025-04-25','2025-05-02','2025-05-09')
, (29,7208,2,49,'2023-07-31','2023-08-02','2023-12-12','2023-12-12','2024-01-26','2024-01-29','2024-02-03','2024-02-10','2024-02-17','2024-02-24','2024-03-02')
, (60,5480,2,92,null,null,null,null,null,null,null,null,null,null,null)
, (148,14997,1,52,'2024-06-19','2024-06-22','2024-07-09','2024-07-09','2024-08-24','2024-08-26','2024-08-24','2024-08-31','2024-09-07','2024-09-14','2024-09-21')
, (43,4365,1,92,'2021-10-13','2021-10-13','2021-12-06','2021-12-06','2021-12-08','2021-12-09','2021-12-11','2021-12-18','2021-12-25','2022-01-01','2022-01-08')
, (6,15959,2,60,'2020-05-31','2020-06-02','2020-07-08','2020-07-08','2020-08-22','2020-08-23','2020-08-29','2020-09-05','2020-09-12','2020-09-19','2020-09-26')
, (9,10407,3,47,null,null,null,null,null,null,null,null,null,null,null)
, (129,10033,1,50,null,null,null,null,null,null,null,null,null,null,null)
, (56,5364,3,86,'2021-12-08','2021-12-09','2021-12-25','2021-12-25','2022-05-08','2022-05-09','2022-05-08','2022-05-15','2022-05-22','2022-05-29','2022-06-05')
, (23,12787,1,79,'2022-10-22','2022-10-24','2022-12-07','2022-12-07','2023-01-17','2023-01-17','2023-01-19','2023-01-26','2023-02-02','2023-02-09','2023-02-16')
, (58,11856,3,62,null,null,null,null,null,null,null,null,null,null,null)
, (111,8372,1,64,null,null,null,null,null,null,null,null,null,null,null)
, (114,15942,3,20,'2021-02-24','2021-02-27','2021-03-13','2021-03-13','2021-07-07','2021-07-09','2021-07-18','2021-07-25','2021-08-01','2021-08-08','2021-08-15')
, (51,16298,2,13,'2023-07-31','2023-08-02','2023-10-14','2023-10-14','2023-11-05','2023-11-06','2023-11-10','2023-11-17','2023-11-24','2023-12-01','2023-12-08')
, (141,4762,3,92,'2020-01-24','2020-01-25','2020-03-31','2020-03-31','2020-04-09','2020-04-12','2020-04-21','2020-04-28','2020-05-05','2020-05-12','2020-05-19')
, (112,6340,1,93,'2021-02-24','2021-02-26','2021-04-21','2021-04-21','2021-05-25','2021-05-28','2021-06-05','2021-06-12','2021-06-19','2021-06-26','2021-07-03')
, (85,4567,2,55,'2021-11-15','2021-11-15','2021-12-25','2021-12-25','2022-01-03','2022-01-04','2022-01-07','2022-01-14','2022-01-21','2022-01-28','2022-02-04')
, (149,3774,2,9,'2024-06-19','2024-06-21','2024-08-07','2024-08-07','2024-08-29','2024-08-30','2024-09-02','2024-09-09','2024-09-16','2024-09-23','2024-09-30')
, (147,17905,3,77,'2024-05-23','2024-05-25','2024-08-19','2024-08-19','2024-08-25','2024-08-25','2024-08-26','2024-09-02','2024-09-09','2024-09-16','2024-09-23')
, (113,16441,3,30,'2021-02-24','2021-02-25','2021-04-21','2021-04-21','2021-06-25','2021-06-25','2021-07-03','2021-07-10','2021-07-17','2021-07-24','2021-07-31')
, (93,2256,3,66,null,null,null,null,null,null,null,null,null,null,null)
, (116,11227,2,50,'2020-04-03','2020-04-04','2020-06-04','2020-06-04','2020-07-29','2020-07-29','2020-07-31','2020-08-07','2020-08-14','2020-08-21','2020-08-28')
, (21,15190,1,99,null,null,null,null,null,null,null,null,null,null,null)
, (76,551,1,85,null,null,null,null,null,null,null,null,null,null,null)
, (91,12244,2,34,null,null,null,null,null,null,null,null,null,null,null)
, (20,6295,2,51,null,null,null,null,null,null,null,null,null,null,null)
, (52,6005,2,11,'2024-07-18','2024-07-18','2024-07-30','2024-07-30','2024-10-10','2024-10-10','2024-10-10','2024-10-17','2024-10-24','2024-10-31','2024-11-07')
, (143,4492,2,6,'2021-08-12','2021-08-15','2021-09-06','2021-09-06','2021-09-28','2021-09-28','2021-10-06','2021-10-13','2021-10-20','2021-10-27','2021-11-03')
, (4,12354,2,42,'2020-05-31','2020-06-01','2020-07-02','2020-07-02','2020-08-12','2020-08-12','2020-08-11','2020-08-18','2020-08-25','2020-09-01','2020-09-08')
, (131,8201,2,78,'2024-01-10','2024-01-11','2024-02-19','2024-02-19','2024-03-29','2024-03-31','2024-04-01','2024-04-08','2024-04-15','2024-04-22','2024-04-29')
, (19,4415,3,25,null,null,null,null,null,null,null,null,null,null,null)
, (66,10664,3,81,'2022-06-17','2022-06-19','2022-06-20','2022-06-20','2022-07-31','2022-08-01','2022-08-06','2022-08-13','2022-08-20','2022-08-27','2022-09-03')
, (39,3884,3,25,'2024-10-02','2024-10-02','2025-02-08','2025-02-08','2025-03-18','2025-03-19','2025-04-11','2025-04-18','2025-04-25','2025-05-02','2025-05-09')
, (11,7744,1,10,null,null,null,null,null,null,null,null,null,null,null)
, (51,6633,3,10,'2023-07-31','2023-07-31','2023-10-03','2023-10-03','2023-11-06','2023-11-06','2023-11-10','2023-11-17','2023-11-24','2023-12-01','2023-12-08')
, (136,15808,1,75,'2025-03-03','2025-03-03','2025-04-08','2025-04-08','2025-05-17','2025-05-20',null,null,null,null,null)
, (38,8682,1,47,'2024-10-02','2024-10-04','2024-10-11','2024-10-11','2025-02-13','2025-02-14','2025-02-21','2025-02-28','2025-03-07','2025-03-14','2025-03-21')
, (125,15602,1,30,'2024-12-31','2024-12-31',null,null,null,null,null,null,null,null,null)
, (63,16028,2,52,'2024-12-26','2024-12-28',null,null,null,null,null,null,null,null,null)
, (33,11468,2,26,'2025-01-05','2025-01-05',null,null,null,null,null,null,null,null,null)
, (17,6982,3,2,'2020-12-08','2020-12-10','2021-03-11','2021-03-11','2021-05-12','2021-05-14','2021-05-12','2021-05-19','2021-05-26','2021-06-02','2021-06-09')
, (78,8301,1,64,null,null,null,null,null,null,null,null,null,null,null)
, (27,10047,3,62,'2024-07-01','2024-07-04','2024-10-12','2024-10-12','2024-11-19','2024-11-22','2024-11-23','2024-11-30','2024-12-07','2024-12-14','2024-12-21')
, (4,4977,2,55,'2020-05-31','2020-06-03','2020-07-12','2020-07-12','2020-08-07','2020-08-09','2020-08-11','2020-08-18','2020-08-25','2020-09-01','2020-09-08')
, (118,7537,2,17,'2023-11-28','2023-12-01','2023-12-07','2023-12-07','2024-04-07','2024-04-07','2024-04-05','2024-04-12','2024-04-19','2024-04-26','2024-05-03')
, (126,12312,1,4,'2024-12-31','2025-01-03',null,null,null,null,null,null,null,null,null)
, (102,6762,2,10,'2024-07-27','2024-07-27','2024-09-06','2024-09-06','2025-03-25','2025-03-25','2025-04-13','2025-04-20','2025-04-27','2025-05-04','2025-05-11')
, (115,14431,3,60,'2020-04-03','2020-04-05','2020-06-04','2020-06-04','2020-06-23','2020-06-25','2020-07-07','2020-07-14','2020-07-21','2020-07-28','2020-08-04')
, (71,3624,1,44,'2021-06-17','2021-06-17','2021-09-10','2021-09-10','2021-09-24','2021-09-25','2021-09-25','2021-10-02','2021-10-09','2021-10-16','2021-10-23')
, (101,35,1,56,'2024-07-27','2024-07-27','2024-12-25','2024-12-25','2025-03-05','2025-03-06','2025-03-06','2025-03-13','2025-03-20','2025-03-27','2025-04-03')
, (29,5935,3,8,'2023-07-31','2023-07-31','2023-11-10','2023-11-10','2024-01-25','2024-01-27','2024-02-03','2024-02-10','2024-02-17','2024-02-24','2024-03-02')
, (29,11875,1,98,'2023-07-31','2023-08-03','2023-08-16','2023-08-16','2024-01-27','2024-01-29','2024-02-03','2024-02-10','2024-02-17','2024-02-24','2024-03-02')
, (5,7270,2,8,'2020-05-31','2020-05-31','2020-07-10','2020-07-10','2020-08-18','2020-08-20','2020-08-18','2020-08-25','2020-09-01','2020-09-08','2020-09-15')
, (29,9522,2,81,'2023-07-31','2023-07-31','2023-10-01','2023-10-01','2024-01-24','2024-01-26','2024-02-03','2024-02-10','2024-02-17','2024-02-24','2024-03-02')
, (86,9286,1,19,'2021-11-15','2021-11-15','2021-12-11','2021-12-11','2022-01-08','2022-01-10','2022-01-08','2022-01-15','2022-01-22','2022-01-29','2022-02-05')
, (147,13571,2,52,'2024-05-23','2024-05-26','2024-07-05','2024-07-05','2024-08-27','2024-08-27','2024-08-26','2024-09-02','2024-09-09','2024-09-16','2024-09-23')
, (65,9816,2,41,'2022-06-17','2022-06-19','2022-07-08','2022-07-08','2022-07-24','2022-07-27','2022-07-29','2022-08-05','2022-08-12','2022-08-19','2022-08-26')
, (50,14642,2,52,'2023-07-31','2023-08-03','2023-09-03','2023-09-03','2023-09-30','2023-10-02','2023-10-22','2023-10-29','2023-11-05','2023-11-12','2023-11-19')
, (29,10545,1,67,'2023-07-31','2023-07-31','2023-12-21','2023-12-21','2024-01-23','2024-01-26','2024-02-03','2024-02-10','2024-02-17','2024-02-24','2024-03-02')
, (1,15528,2,30,'2025-03-05','2025-03-06',null,null,null,null,null,null,null,null,null)
, (24,16507,3,96,'2022-10-22','2022-10-25','2023-01-15','2023-01-15','2023-01-22','2023-01-24','2023-01-25','2023-02-01','2023-02-08','2023-02-15','2023-02-22')
, (120,9031,1,100,'2023-11-28','2023-11-29','2023-12-05','2023-12-05','2024-06-17','2024-06-18','2024-06-23','2024-06-30','2024-07-07','2024-07-14','2024-07-21')
, (139,18495,3,37,'2020-01-24','2020-01-27','2020-03-07','2020-03-07','2020-03-19','2020-03-20','2020-03-25','2020-04-01','2020-04-08','2020-04-15','2020-04-22')
, (37,5347,2,92,'2024-10-02','2024-10-04','2025-01-19','2025-01-19','2025-01-25','2025-01-25','2025-02-01','2025-02-08','2025-02-15','2025-02-22','2025-03-01')
, (22,2760,1,27,'2022-10-22','2022-10-24','2022-12-14','2022-12-14','2023-01-11','2023-01-13','2023-01-11','2023-01-18','2023-01-25','2023-02-01','2023-02-08')
, (56,14185,3,12,'2021-12-08','2021-12-11','2022-03-26','2022-03-26','2022-05-07','2022-05-09','2022-05-08','2022-05-15','2022-05-22','2022-05-29','2022-06-05')
, (119,11954,2,39,'2023-11-28','2023-12-01','2024-03-02','2024-03-02','2024-04-28','2024-04-30','2024-05-14','2024-05-21','2024-05-28','2024-06-04','2024-06-11')
, (134,1358,1,54,'2023-02-14','2023-02-17','2023-06-02','2023-06-02','2023-07-01','2023-07-04','2023-07-13','2023-07-20','2023-07-27','2023-08-03','2023-08-10')
, (28,10861,3,91,'2023-07-31','2023-07-31','2023-11-02','2023-11-02','2023-12-24','2023-12-25','2023-12-23','2023-12-30','2024-01-06','2024-01-13','2024-01-20')
, (131,12172,3,36,'2024-01-10','2024-01-12','2024-02-29','2024-02-29','2024-03-29','2024-04-01','2024-04-01','2024-04-08','2024-04-15','2024-04-22','2024-04-29')
, (16,17260,3,14,'2020-12-08','2020-12-10','2021-01-27','2021-01-27','2021-04-20','2021-04-20','2021-04-25','2021-05-02','2021-05-09','2021-05-16','2021-05-23')
, (150,6021,2,8,'2024-06-19','2024-06-21','2024-08-13','2024-08-13','2024-10-20','2024-10-20','2024-10-27','2024-11-03','2024-11-10','2024-11-17','2024-11-24')
, (64,528,3,22,'2022-06-17','2022-06-20','2022-07-17','2022-07-17','2022-07-18','2022-07-20','2022-07-23','2022-07-30','2022-08-06','2022-08-13','2022-08-20')
, (59,12978,1,20,null,null,null,null,null,null,null,null,null,null,null)
, (48,6613,1,49,null,null,null,null,null,null,null,null,null,null,null)
, (75,7333,3,93,null,null,null,null,null,null,null,null,null,null,null)
, (107,7410,1,73,'2025-01-22','2025-01-22','2025-02-22','2025-02-22','2025-05-01','2025-05-02','2025-05-01','2025-05-08','2025-05-15',null,null)
, (125,16242,3,90,'2024-12-31','2024-12-31',null,null,null,null,null,null,null,null,null)
, (129,11392,2,79,null,null,null,null,null,null,null,null,null,null,null)
, (146,16133,3,77,'2024-05-23','2024-05-26','2024-07-09','2024-07-09','2024-07-23','2024-07-26','2024-07-27','2024-08-03','2024-08-10','2024-08-17','2024-08-24')
, (78,395,2,1,null,null,null,null,null,null,null,null,null,null,null)
, (84,6863,1,51,'2021-03-15','2021-03-16','2021-05-13','2021-05-13','2021-06-05','2021-06-08','2021-06-08','2021-06-15','2021-06-22','2021-06-29','2021-07-06')
, (32,2526,3,69,'2025-01-05','2025-01-06',null,null,null,null,null,null,null,null,null)
, (95,4090,1,5,null,null,null,null,null,null,null,null,null,null,null)
, (79,16375,1,20,'2022-04-14','2022-04-17','2022-05-18','2022-05-18','2022-06-20','2022-06-20','2022-06-28','2022-07-05','2022-07-12','2022-07-19','2022-07-26')
, (100,11027,3,80,'2024-07-27','2024-07-27','2024-12-08','2024-12-08','2024-12-25','2024-12-28','2025-01-02','2025-01-09','2025-01-16','2025-01-23','2025-01-30')
, (66,11036,2,47,'2022-06-17','2022-06-19','2022-07-28','2022-07-28','2022-07-30','2022-07-30','2022-08-06','2022-08-13','2022-08-20','2022-08-27','2022-09-03')
, (29,3780,3,46,'2023-07-31','2023-08-03','2024-01-25','2024-01-25','2024-01-25','2024-01-27','2024-02-03','2024-02-10','2024-02-17','2024-02-24','2024-03-02')
, (120,11268,2,50,'2023-11-28','2023-12-01','2024-02-23','2024-02-23','2024-06-19','2024-06-22','2024-06-23','2024-06-30','2024-07-07','2024-07-14','2024-07-21')
, (80,15857,1,29,'2022-04-14','2022-04-16','2022-07-16','2022-07-16','2022-08-15','2022-08-17','2022-08-16','2022-08-23','2022-08-30','2022-09-06','2022-09-13')
, (111,13436,1,12,null,null,null,null,null,null,null,null,null,null,null)
, (121,4781,2,31,'2023-10-04','2023-10-06','2023-11-04','2023-11-04','2024-01-09','2024-01-09','2024-01-12','2024-01-19','2024-01-26','2024-02-02','2024-02-09')
, (60,29,3,56,null,null,null,null,null,null,null,null,null,null,null)
, (11,14165,3,12,null,null,null,null,null,null,null,null,null,null,null)
, (119,2576,1,18,'2023-11-28','2023-11-30','2024-04-17','2024-04-17','2024-04-28','2024-04-30','2024-05-14','2024-05-21','2024-05-28','2024-06-04','2024-06-11')
, (101,9659,2,26,'2024-07-27','2024-07-30','2025-02-23','2025-02-23','2025-03-05','2025-03-06','2025-03-06','2025-03-13','2025-03-20','2025-03-27','2025-04-03')
, (90,12495,2,94,'2020-11-29','2020-11-29','2021-03-03','2021-03-03','2021-04-30','2021-04-30','2021-05-03','2021-05-10','2021-05-17','2021-05-24','2021-05-31')
, (139,14124,3,14,'2020-01-24','2020-01-26','2020-01-28','2020-01-28','2020-03-20','2020-03-21','2020-03-25','2020-04-01','2020-04-08','2020-04-15','2020-04-22')
, (2,10921,2,41,'2025-03-05','2025-03-07',null,null,null,null,null,null,null,null,null)
, (25,7714,1,78,'2024-07-01','2024-07-02','2024-09-14','2024-09-14','2024-11-19','2024-11-20','2024-11-19','2024-11-26','2024-12-03','2024-12-10','2024-12-17')
, (113,1446,1,54,'2021-02-24','2021-02-25','2021-05-23','2021-05-23','2021-06-25','2021-06-27','2021-07-03','2021-07-10','2021-07-17','2021-07-24','2021-07-31')
, (76,4585,3,31,null,null,null,null,null,null,null,null,null,null,null)
, (29,11633,2,97,'2023-07-31','2023-07-31','2023-10-10','2023-10-10','2024-01-24','2024-01-26','2024-02-03','2024-02-10','2024-02-17','2024-02-24','2024-03-02')
, (138,16047,1,21,'2025-03-03','2025-03-03',null,null,null,null,null,null,null,null,null)
, (106,7158,3,74,'2025-01-22','2025-01-25','2025-03-18','2025-03-18','2025-04-01','2025-04-04','2025-04-05','2025-04-12','2025-04-19','2025-04-26','2025-05-03')
, (29,9448,2,50,'2023-07-31','2023-07-31','2023-12-22','2023-12-22','2024-01-27','2024-01-27','2024-02-03','2024-02-10','2024-02-17','2024-02-24','2024-03-02')
, (149,15863,3,75,'2024-06-19','2024-06-21','2024-08-01','2024-08-01','2024-08-28','2024-08-31','2024-09-02','2024-09-09','2024-09-16','2024-09-23','2024-09-30')
, (131,36,2,56,'2024-01-10','2024-01-13','2024-01-18','2024-01-18','2024-03-30','2024-04-01','2024-04-01','2024-04-08','2024-04-15','2024-04-22','2024-04-29')
, (147,3857,2,44,'2024-05-23','2024-05-25','2024-07-04','2024-07-04','2024-08-26','2024-08-27','2024-08-26','2024-09-02','2024-09-09','2024-09-16','2024-09-23')
, (113,6666,1,43,'2021-02-24','2021-02-26','2021-05-27','2021-05-27','2021-06-25','2021-06-26','2021-07-03','2021-07-10','2021-07-17','2021-07-24','2021-07-31')
, (135,14551,2,12,'2023-02-14','2023-02-16','2023-03-25','2023-03-25','2023-08-04','2023-08-04','2023-08-09','2023-08-16','2023-08-23','2023-08-30','2023-09-06')
, (149,13878,2,72,'2024-06-19','2024-06-22','2024-08-18','2024-08-18','2024-08-27','2024-08-30','2024-09-02','2024-09-09','2024-09-16','2024-09-23','2024-09-30')
, (85,2656,2,18,'2021-11-15','2021-11-16','2021-12-19','2021-12-19','2021-12-31','2022-01-02','2022-01-07','2022-01-14','2022-01-21','2022-01-28','2022-02-04')
, (120,6733,1,8,'2023-11-28','2023-11-28','2024-04-28','2024-04-28','2024-06-18','2024-06-19','2024-06-23','2024-06-30','2024-07-07','2024-07-14','2024-07-21')
, (143,19665,1,63,'2021-08-12','2021-08-14','2021-09-17','2021-09-17','2021-09-26','2021-09-28','2021-10-06','2021-10-13','2021-10-20','2021-10-27','2021-11-03')
, (141,12290,2,71,'2020-01-24','2020-01-25','2020-04-14','2020-04-14','2020-04-15','2020-04-15','2020-04-21','2020-04-28','2020-05-05','2020-05-12','2020-05-19')
, (51,10180,2,36,'2023-07-31','2023-08-01','2023-09-20','2023-09-20','2023-11-06','2023-11-08','2023-11-10','2023-11-17','2023-11-24','2023-12-01','2023-12-08')
;
SELECT *
FROM orderline
OFFSET (
        SELECT COUNT(*)
        FROM orderline
    ) - 10;

-- ASSIGNMENT
INSERT INTO
    assignment (
        phase_id,
        worker_id,
        date,
        description
    )
VALUES
  (1,7,'2025-08-05','assignment1')
, (1,5,'2025-08-10','assignment2')
, (1,6,'2025-08-12','assignment3')
, (1,3,'2025-08-09','assignment4')
, (1,1,'2025-08-05','assignment5')
, (1,6,'2025-08-03','assignment6')
, (1,2,'2025-08-11','assignment7')
, (2,7,'2025-08-31','assignment8')
, (2,8,'2025-09-14','assignment9')
, (2,7,'2025-08-28','assignment10')
, (2,10,'2025-09-05','assignment11')
, (2,8,'2025-08-31','assignment12')
, (2,10,'2025-09-09','assignment13')
, (2,9,'2025-09-12','assignment14')
, (3,1,'2025-10-13','assignment15')
, (3,4,'2025-10-11','assignment16')
, (3,6,'2025-10-11','assignment17')
, (3,6,'2025-10-12','assignment18')
, (3,1,'2025-10-11','assignment19')
, (3,6,'2025-10-10','assignment20')
, (3,10,'2025-10-11','assignment21')
, (4,6,'2020-08-11','assignment22')
, (4,3,'2020-08-11','assignment23')
, (4,4,'2020-08-10','assignment24')
, (4,9,'2020-08-11','assignment25')
, (4,7,'2020-08-11','assignment26')
, (4,6,'2020-08-10','assignment27')
, (4,7,'2020-08-10','assignment28')
, (5,1,'2020-08-19','assignment29')
, (5,1,'2020-08-19','assignment30')
, (5,3,'2020-08-19','assignment31')
, (5,9,'2020-08-19','assignment32')
, (5,1,'2020-08-19','assignment33')
, (5,6,'2020-08-19','assignment34')
, (5,7,'2020-08-19','assignment35')
, (6,4,'2020-08-23','assignment36')
, (6,2,'2020-08-26','assignment37')
, (6,10,'2020-08-28','assignment38')
, (6,1,'2020-08-25','assignment39')
, (6,3,'2020-08-23','assignment40')
, (6,6,'2020-08-28','assignment41')
, (6,6,'2020-08-24','assignment42')
, (7,2,'2026-08-23','assignment43')
, (7,5,'2026-08-23','assignment44')
, (7,1,'2026-08-23','assignment45')
, (7,1,'2026-08-23','assignment46')
, (7,5,'2026-08-23','assignment47')
, (7,6,'2026-08-23','assignment48')
, (7,9,'2026-08-23','assignment49')
, (8,4,'2026-09-30','assignment50')
, (8,7,'2026-09-29','assignment51')
, (8,3,'2026-09-25','assignment52')
, (8,9,'2026-09-27','assignment53')
, (8,1,'2026-09-28','assignment54')
, (8,3,'2026-09-25','assignment55')
, (8,2,'2026-09-22','assignment56')
, (9,8,'2026-10-21','assignment57')
, (9,9,'2026-10-21','assignment58')
, (9,3,'2026-10-21','assignment59')
, (9,5,'2026-10-21','assignment60')
, (9,1,'2026-10-21','assignment61')
, (9,4,'2026-10-21','assignment62')
, (9,5,'2026-10-21','assignment63')
, (10,10,'2026-06-01','assignment64')
, (10,7,'2026-05-28','assignment65')
, (10,10,'2026-05-28','assignment66')
, (10,1,'2026-06-03','assignment67')
, (10,1,'2026-05-28','assignment68')
, (10,9,'2026-05-29','assignment69')
, (10,3,'2026-05-29','assignment70')
, (11,7,'2026-06-14','assignment71')
, (11,4,'2026-06-14','assignment72')
, (11,3,'2026-06-14','assignment73')
, (11,9,'2026-06-14','assignment74')
, (11,6,'2026-06-14','assignment75')
, (11,8,'2026-06-14','assignment76')
, (11,2,'2026-06-14','assignment77')
, (12,8,'2026-06-20','assignment78')
, (12,8,'2026-06-20','assignment79')
, (12,9,'2026-06-22','assignment80')
, (12,10,'2026-06-22','assignment81')
, (12,9,'2026-06-20','assignment82')
, (12,8,'2026-06-20','assignment83')
, (12,3,'2026-06-21','assignment84')
, (13,10,'2023-12-01','assignment85')
, (13,6,'2023-11-27','assignment86')
, (13,1,'2023-11-25','assignment87')
, (13,1,'2023-11-23','assignment88')
, (13,8,'2023-11-26','assignment89')
, (13,1,'2023-11-25','assignment90')
, (13,4,'2023-11-29','assignment91')
, (14,4,'2024-01-06','assignment92')
, (14,7,'2024-01-06','assignment93')
, (14,8,'2024-01-06','assignment94')
, (14,3,'2024-01-06','assignment95')
, (14,5,'2024-01-06','assignment96')
, (14,5,'2024-01-06','assignment97')
, (14,6,'2024-01-06','assignment98')
, (15,2,'2024-01-18','assignment99')
, (15,7,'2024-01-18','assignment100')
, (15,2,'2024-01-18','assignment101')
, (15,6,'2024-01-18','assignment102')
, (15,4,'2024-01-18','assignment103')
, (15,7,'2024-01-18','assignment104')
, (15,10,'2024-01-18','assignment105')
, (16,4,'2021-04-21','assignment106')
, (16,10,'2021-04-19','assignment107')
, (16,3,'2021-04-24','assignment108')
, (16,8,'2021-04-24','assignment109')
, (16,7,'2021-04-23','assignment110')
, (16,6,'2021-04-19','assignment111')
, (16,5,'2021-04-24','assignment112')
, (17,5,'2021-05-13','assignment113')
, (17,10,'2021-05-13','assignment114')
, (17,4,'2021-05-13','assignment115')
, (17,7,'2021-05-13','assignment116')
, (17,9,'2021-05-13','assignment117')
, (17,7,'2021-05-13','assignment118')
, (17,5,'2021-05-13','assignment119')
, (18,8,'2021-05-22','assignment120')
, (18,7,'2021-05-25','assignment121')
, (18,5,'2021-05-19','assignment122')
, (18,10,'2021-05-18','assignment123')
, (18,8,'2021-05-25','assignment124')
, (18,9,'2021-05-22','assignment125')
, (18,6,'2021-05-25','assignment126')
, (19,10,'2026-04-03','assignment127')
, (19,8,'2026-04-04','assignment128')
, (19,9,'2026-04-06','assignment129')
, (19,4,'2026-04-07','assignment130')
, (19,9,'2026-04-06','assignment131')
, (19,7,'2026-04-05','assignment132')
, (19,10,'2026-04-08','assignment133')
, (20,2,'2026-05-05','assignment134')
, (20,2,'2026-05-03','assignment135')
, (20,9,'2026-05-04','assignment136')
, (20,2,'2026-05-04','assignment137')
, (20,10,'2026-05-09','assignment138')
, (20,4,'2026-05-07','assignment139')
, (20,1,'2026-05-03','assignment140')
, (21,2,'2026-05-25','assignment141')
, (21,3,'2026-05-27','assignment142')
, (21,1,'2026-05-28','assignment143')
, (21,9,'2026-05-25','assignment144')
, (21,4,'2026-05-27','assignment145')
, (21,1,'2026-05-25','assignment146')
, (21,6,'2026-05-24','assignment147')
, (22,3,'2023-01-11','assignment148')
, (22,4,'2023-01-11','assignment149')
, (22,10,'2023-01-11','assignment150')
, (22,4,'2023-01-11','assignment151')
, (22,6,'2023-01-11','assignment152')
, (22,6,'2023-01-11','assignment153')
, (22,2,'2023-01-11','assignment154')
, (23,1,'2023-01-18','assignment155')
, (23,1,'2023-01-18','assignment156')
, (23,4,'2023-01-18','assignment157')
, (23,8,'2023-01-18','assignment158')
, (23,7,'2023-01-19','assignment159')
, (23,8,'2023-01-18','assignment160')
, (23,9,'2023-01-19','assignment161')
, (24,6,'2023-01-25','assignment162')
, (24,4,'2023-01-24','assignment163')
, (24,2,'2023-01-24','assignment164')
, (24,7,'2023-01-25','assignment165')
, (24,4,'2023-01-25','assignment166')
, (24,2,'2023-01-25','assignment167')
, (24,8,'2023-01-23','assignment168')
, (25,3,'2024-11-19','assignment169')
, (25,7,'2024-11-19','assignment170')
, (25,8,'2024-11-19','assignment171')
, (25,3,'2024-11-19','assignment172')
, (25,2,'2024-11-19','assignment173')
, (25,10,'2024-11-19','assignment174')
, (25,6,'2024-11-19','assignment175')
, (26,7,'2024-11-23','assignment176')
, (26,3,'2024-11-23','assignment177')
, (26,3,'2024-11-23','assignment178')
, (26,7,'2024-11-23','assignment179')
, (26,8,'2024-11-23','assignment180')
, (26,1,'2024-11-23','assignment181')
, (26,4,'2024-11-23','assignment182')
, (27,6,'2024-11-24','assignment183')
, (27,5,'2024-11-24','assignment184')
, (27,6,'2024-11-24','assignment185')
, (27,10,'2024-11-24','assignment186')
, (27,7,'2024-11-24','assignment187')
, (27,4,'2024-11-24','assignment188')
, (27,1,'2024-11-24','assignment189')
, (28,3,'2023-12-23','assignment190')
, (28,8,'2023-12-23','assignment191')
, (28,2,'2023-12-23','assignment192')
, (28,2,'2023-12-23','assignment193')
, (28,4,'2023-12-23','assignment194')
, (28,5,'2023-12-23','assignment195')
, (28,10,'2023-12-23','assignment196')
, (29,10,'2024-01-30','assignment197')
, (29,3,'2024-01-28','assignment198')
, (29,3,'2024-01-29','assignment199')
, (29,5,'2024-01-28','assignment200')
, (29,3,'2024-01-28','assignment201')
, (29,3,'2024-01-31','assignment202')
, (29,5,'2024-01-28','assignment203')
, (30,9,'2024-02-19','assignment204')
, (30,10,'2024-02-22','assignment205')
, (30,5,'2024-02-15','assignment206')
, (30,1,'2024-02-20','assignment207')
, (30,8,'2024-02-14','assignment208')
, (30,10,'2024-02-22','assignment209')
, (30,9,'2024-02-21','assignment210')
, (31,9,'2025-06-01','assignment211')
, (31,6,'2025-06-01','assignment212')
, (31,10,'2025-06-01','assignment213')
, (31,4,'2025-06-01','assignment214')
, (31,9,'2025-06-01','assignment215')
, (31,9,'2025-06-01','assignment216')
, (31,10,'2025-06-01','assignment217')
, (32,5,'2025-06-17','assignment218')
, (32,5,'2025-06-17','assignment219')
, (32,7,'2025-06-17','assignment220')
, (32,5,'2025-06-17','assignment221')
, (32,1,'2025-06-17','assignment222')
, (32,5,'2025-06-17','assignment223')
, (32,6,'2025-06-17','assignment224')
, (33,7,'2025-07-03','assignment225')
, (33,6,'2025-07-03','assignment226')
, (33,1,'2025-06-30','assignment227')
, (33,2,'2025-07-04','assignment228')
, (33,8,'2025-06-30','assignment229')
, (33,4,'2025-07-03','assignment230')
, (33,6,'2025-07-02','assignment231')
, (34,9,'2026-07-25','assignment232')
, (34,4,'2026-07-23','assignment233')
, (34,9,'2026-07-28','assignment234')
, (34,2,'2026-07-25','assignment235')
, (34,1,'2026-07-25','assignment236')
, (34,7,'2026-07-25','assignment237')
, (34,9,'2026-07-26','assignment238')
, (35,7,'2026-08-03','assignment239')
, (35,3,'2026-08-03','assignment240')
, (35,8,'2026-08-03','assignment241')
, (35,1,'2026-08-03','assignment242')
, (35,7,'2026-08-03','assignment243')
, (35,6,'2026-08-03','assignment244')
, (35,9,'2026-08-03','assignment245')
, (36,1,'2026-08-10','assignment246')
, (36,9,'2026-08-10','assignment247')
, (36,5,'2026-08-10','assignment248')
, (36,1,'2026-08-10','assignment249')
, (36,2,'2026-08-10','assignment250')
, (36,5,'2026-08-10','assignment251')
, (36,7,'2026-08-10','assignment252')
, (37,4,'2025-02-01','assignment253')
, (37,9,'2025-01-28','assignment254')
, (37,1,'2025-01-30','assignment255')
, (37,8,'2025-02-01','assignment256')
, (37,10,'2025-02-01','assignment257')
, (37,6,'2025-01-29','assignment258')
, (37,5,'2025-01-30','assignment259')
, (38,9,'2025-02-18','assignment260')
, (38,3,'2025-02-16','assignment261')
, (38,7,'2025-02-20','assignment262')
, (38,9,'2025-02-16','assignment263')
, (38,9,'2025-02-13','assignment264')
, (38,1,'2025-02-21','assignment265')
, (38,2,'2025-02-19','assignment266')
, (39,5,'2025-03-22','assignment267')
, (39,8,'2025-04-05','assignment268')
, (39,6,'2025-03-30','assignment269')
, (39,6,'2025-03-27','assignment270')
, (39,9,'2025-03-21','assignment271')
, (39,7,'2025-04-11','assignment272')
, (39,1,'2025-03-18','assignment273')
, (40,10,'2025-09-22','assignment274')
, (40,6,'2025-09-18','assignment275')
, (40,2,'2025-09-21','assignment276')
, (40,3,'2025-09-22','assignment277')
, (40,7,'2025-09-23','assignment278')
, (40,2,'2025-09-17','assignment279')
, (40,4,'2025-09-21','assignment280')
, (41,5,'2025-11-04','assignment281')
, (41,7,'2025-11-07','assignment282')
, (41,9,'2025-11-06','assignment283')
, (41,1,'2025-11-05','assignment284')
, (41,2,'2025-11-06','assignment285')
, (41,3,'2025-11-04','assignment286')
, (41,1,'2025-11-06','assignment287')
, (42,4,'2025-12-10','assignment288')
, (42,6,'2025-12-12','assignment289')
, (42,4,'2025-12-12','assignment290')
, (42,2,'2025-12-08','assignment291')
, (42,3,'2025-12-11','assignment292')
, (42,10,'2025-12-09','assignment293')
, (42,4,'2025-12-08','assignment294')
, (43,4,'2021-12-11','assignment295')
, (43,10,'2021-12-11','assignment296')
, (43,7,'2021-12-11','assignment297')
, (43,3,'2021-12-11','assignment298')
, (43,6,'2021-12-11','assignment299')
, (43,6,'2021-12-11','assignment300')
, (43,1,'2021-12-11','assignment301')
, (44,9,'2021-12-15','assignment302')
, (44,7,'2021-12-15','assignment303')
, (44,9,'2021-12-20','assignment304')
, (44,6,'2021-12-18','assignment305')
, (44,3,'2021-12-20','assignment306')
, (44,3,'2021-12-19','assignment307')
, (44,10,'2021-12-19','assignment308')
, (45,8,'2021-12-22','assignment309')
, (45,5,'2021-12-22','assignment310')
, (45,8,'2021-12-22','assignment311')
, (45,4,'2021-12-22','assignment312')
, (45,5,'2021-12-22','assignment313')
, (45,1,'2021-12-22','assignment314')
, (45,3,'2021-12-22','assignment315')
, (46,7,'2026-02-21','assignment316')
, (46,2,'2026-02-17','assignment317')
, (46,2,'2026-02-17','assignment318')
, (46,10,'2026-03-01','assignment319')
, (46,3,'2026-02-22','assignment320')
, (46,8,'2026-02-23','assignment321')
, (46,1,'2026-02-22','assignment322')
, (47,5,'2026-04-14','assignment323')
, (47,9,'2026-04-13','assignment324')
, (47,1,'2026-04-13','assignment325')
, (47,9,'2026-04-14','assignment326')
, (47,8,'2026-04-14','assignment327')
, (47,6,'2026-04-15','assignment328')
, (47,4,'2026-04-13','assignment329')
, (48,6,'2026-05-06','assignment330')
, (48,10,'2026-05-07','assignment331')
, (48,5,'2026-05-08','assignment332')
, (48,3,'2026-05-17','assignment333')
, (48,10,'2026-05-07','assignment334')
, (48,10,'2026-05-09','assignment335')
, (48,6,'2026-05-10','assignment336')
, (49,10,'2023-09-24','assignment337')
, (49,7,'2023-09-22','assignment338')
, (49,1,'2023-09-21','assignment339')
, (49,7,'2023-09-21','assignment340')
, (49,3,'2023-09-23','assignment341')
, (49,2,'2023-09-24','assignment342')
, (49,3,'2023-09-22','assignment343')
, (50,6,'2023-10-15','assignment344')
, (50,6,'2023-10-12','assignment345')
, (50,3,'2023-10-16','assignment346')
, (50,1,'2023-10-04','assignment347')
, (50,9,'2023-10-22','assignment348')
, (50,10,'2023-10-22','assignment349')
, (50,10,'2023-10-22','assignment350')
, (51,9,'2023-11-08','assignment351')
, (51,6,'2023-11-10','assignment352')
, (51,6,'2023-11-10','assignment353')
, (51,9,'2023-11-10','assignment354')
, (51,5,'2023-11-10','assignment355')
, (51,5,'2023-11-09','assignment356')
, (51,9,'2023-11-09','assignment357')
, (52,4,'2024-10-09','assignment358')
, (52,7,'2024-10-09','assignment359')
, (52,9,'2024-10-09','assignment360')
, (52,3,'2024-10-09','assignment361')
, (52,1,'2024-10-10','assignment362')
, (52,6,'2024-10-10','assignment363')
, (52,3,'2024-10-10','assignment364')
, (53,3,'2024-10-14','assignment365')
, (53,9,'2024-10-14','assignment366')
, (53,7,'2024-10-14','assignment367')
, (53,9,'2024-10-14','assignment368')
, (53,8,'2024-10-14','assignment369')
, (53,8,'2024-10-14','assignment370')
, (53,9,'2024-10-14','assignment371')
, (54,4,'2024-10-17','assignment372')
, (54,8,'2024-10-17','assignment373')
, (54,1,'2024-10-17','assignment374')
, (54,3,'2024-10-17','assignment375')
, (54,6,'2024-10-17','assignment376')
, (54,8,'2024-10-17','assignment377')
, (54,9,'2024-10-17','assignment378')
, (55,4,'2022-05-07','assignment379')
, (55,2,'2022-05-07','assignment380')
, (55,3,'2022-05-07','assignment381')
, (55,4,'2022-05-07','assignment382')
, (55,5,'2022-05-07','assignment383')
, (55,1,'2022-05-07','assignment384')
, (55,9,'2022-05-07','assignment385')
, (56,6,'2022-05-09','assignment386')
, (56,3,'2022-05-09','assignment387')
, (56,2,'2022-05-09','assignment388')
, (56,7,'2022-05-09','assignment389')
, (56,5,'2022-05-09','assignment390')
, (56,10,'2022-05-09','assignment391')
, (56,1,'2022-05-09','assignment392')
, (57,9,'2022-05-12','assignment393')
, (57,1,'2022-05-12','assignment394')
, (57,9,'2022-05-12','assignment395')
, (57,6,'2022-05-12','assignment396')
, (57,1,'2022-05-12','assignment397')
, (57,10,'2022-05-12','assignment398')
, (57,6,'2022-05-12','assignment399')
, (58,3,'2025-12-20','assignment400')
, (58,4,'2025-12-21','assignment401')
, (58,3,'2025-12-21','assignment402')
, (58,3,'2025-12-20','assignment403')
, (58,8,'2025-12-21','assignment404')
, (58,3,'2025-12-21','assignment405')
, (58,9,'2025-12-20','assignment406')
, (59,5,'2026-01-07','assignment407')
, (59,3,'2026-01-08','assignment408')
, (59,10,'2026-01-07','assignment409')
, (59,2,'2026-01-09','assignment410')
, (59,7,'2026-01-08','assignment411')
, (59,10,'2026-01-08','assignment412')
, (59,9,'2026-01-09','assignment413')
, (60,7,'2026-01-13','assignment414')
, (60,5,'2026-01-14','assignment415')
, (60,10,'2026-01-13','assignment416')
, (60,2,'2026-01-15','assignment417')
, (60,7,'2026-01-19','assignment418')
, (60,10,'2026-01-20','assignment419')
, (60,4,'2026-01-13','assignment420')
, (61,3,'2025-04-17','assignment421')
, (61,5,'2025-04-15','assignment422')
, (61,2,'2025-04-19','assignment423')
, (61,4,'2025-04-15','assignment424')
, (61,6,'2025-04-15','assignment425')
, (61,3,'2025-04-19','assignment426')
, (61,2,'2025-04-19','assignment427')
, (62,1,'2025-05-27','assignment428')
, (62,3,'2025-05-17','assignment429')
, (62,5,'2025-05-27','assignment430')
, (62,5,'2025-05-18','assignment431')
, (62,1,'2025-06-01','assignment432')
, (62,6,'2025-05-27','assignment433')
, (62,2,'2025-06-01','assignment434')
, (63,6,'2025-06-27','assignment435')
, (63,6,'2025-06-19','assignment436')
, (63,4,'2025-06-24','assignment437')
, (63,5,'2025-06-23','assignment438')
, (63,2,'2025-06-27','assignment439')
, (63,3,'2025-06-25','assignment440')
, (63,4,'2025-06-27','assignment441')
, (64,2,'2022-07-23','assignment442')
, (64,1,'2022-07-21','assignment443')
, (64,8,'2022-07-20','assignment444')
, (64,7,'2022-07-21','assignment445')
, (64,10,'2022-07-21','assignment446')
, (64,1,'2022-07-23','assignment447')
, (64,2,'2022-07-21','assignment448')
, (65,4,'2022-07-29','assignment449')
, (65,1,'2022-07-29','assignment450')
, (65,8,'2022-07-29','assignment451')
, (65,5,'2022-07-29','assignment452')
, (65,1,'2022-07-29','assignment453')
, (65,5,'2022-07-29','assignment454')
, (65,4,'2022-07-29','assignment455')
, (66,7,'2022-08-03','assignment456')
, (66,4,'2022-08-01','assignment457')
, (66,4,'2022-08-03','assignment458')
, (66,10,'2022-08-03','assignment459')
, (66,4,'2022-08-02','assignment460')
, (66,5,'2022-08-06','assignment461')
, (66,4,'2022-08-06','assignment462')
, (67,10,'2021-07-27','assignment463')
, (67,8,'2021-07-27','assignment464')
, (67,8,'2021-07-26','assignment465')
, (67,7,'2021-07-27','assignment466')
, (67,4,'2021-07-27','assignment467')
, (67,5,'2021-07-26','assignment468')
, (67,10,'2021-07-27','assignment469')
, (68,8,'2021-07-29','assignment470')
, (68,4,'2021-07-29','assignment471')
, (68,8,'2021-07-29','assignment472')
, (68,8,'2021-07-29','assignment473')
, (68,2,'2021-07-29','assignment474')
, (68,10,'2021-07-29','assignment475')
, (68,10,'2021-07-29','assignment476')
, (69,8,'2021-08-02','assignment477')
, (69,2,'2021-08-02','assignment478')
, (69,7,'2021-08-02','assignment479')
, (69,4,'2021-08-02','assignment480')
, (69,6,'2021-08-02','assignment481')
, (69,8,'2021-08-02','assignment482')
, (69,10,'2021-08-02','assignment483')
, (70,2,'2021-09-21','assignment484')
, (70,2,'2021-09-21','assignment485')
, (70,1,'2021-09-21','assignment486')
, (70,10,'2021-09-21','assignment487')
, (70,1,'2021-09-21','assignment488')
, (70,10,'2021-09-20','assignment489')
, (70,10,'2021-09-22','assignment490')
, (71,6,'2021-09-26','assignment491')
, (71,10,'2021-09-26','assignment492')
, (71,6,'2021-09-26','assignment493')
, (71,6,'2021-09-26','assignment494')
, (71,2,'2021-09-26','assignment495')
, (71,7,'2021-09-26','assignment496')
, (71,7,'2021-09-26','assignment497')
, (72,9,'2021-10-01','assignment498')
, (72,2,'2021-10-01','assignment499')
, (72,10,'2021-10-01','assignment500')
, (72,1,'2021-10-01','assignment501')
, (72,3,'2021-10-01','assignment502')
, (72,10,'2021-10-01','assignment503')
, (72,4,'2021-10-01','assignment504')
, (73,2,'2026-07-01','assignment505')
, (73,3,'2026-06-29','assignment506')
, (73,1,'2026-06-27','assignment507')
, (73,3,'2026-06-28','assignment508')
, (73,1,'2026-07-01','assignment509')
, (73,7,'2026-06-29','assignment510')
, (73,6,'2026-06-27','assignment511')
, (74,4,'2026-07-06','assignment512')
, (74,10,'2026-07-07','assignment513')
, (74,2,'2026-07-08','assignment514')
, (74,7,'2026-07-05','assignment515')
, (74,4,'2026-07-09','assignment516')
, (74,10,'2026-07-07','assignment517')
, (74,4,'2026-07-08','assignment518')
, (75,1,'2026-07-11','assignment519')
, (75,3,'2026-07-11','assignment520')
, (75,1,'2026-07-10','assignment521')
, (75,3,'2026-07-11','assignment522')
, (75,5,'2026-07-11','assignment523')
, (75,3,'2026-07-11','assignment524')
, (75,6,'2026-07-11','assignment525')
, (76,10,'2026-12-27','assignment526')
, (76,4,'2026-12-27','assignment527')
, (76,8,'2026-12-27','assignment528')
, (76,7,'2026-12-26','assignment529')
, (76,5,'2026-12-26','assignment530')
, (76,7,'2026-12-27','assignment531')
, (76,10,'2026-12-27','assignment532')
, (77,6,'2026-12-28','assignment533')
, (77,9,'2026-12-28','assignment534')
, (77,7,'2026-12-28','assignment535')
, (77,9,'2026-12-28','assignment536')
, (77,3,'2026-12-28','assignment537')
, (77,3,'2026-12-28','assignment538')
, (77,8,'2026-12-28','assignment539')
, (78,2,'2027-01-01','assignment540')
, (78,2,'2027-01-01','assignment541')
, (78,3,'2027-01-01','assignment542')
, (78,10,'2027-01-01','assignment543')
, (78,6,'2027-01-01','assignment544')
, (78,5,'2027-01-01','assignment545')
, (78,1,'2027-01-01','assignment546')
, (79,9,'2022-06-24','assignment547')
, (79,6,'2022-06-25','assignment548')
, (79,3,'2022-06-26','assignment549')
, (79,4,'2022-06-22','assignment550')
, (79,8,'2022-06-28','assignment551')
, (79,4,'2022-06-27','assignment552')
, (79,2,'2022-06-26','assignment553')
, (80,1,'2022-08-15','assignment554')
, (80,8,'2022-08-16','assignment555')
, (80,10,'2022-08-15','assignment556')
, (80,3,'2022-08-15','assignment557')
, (80,7,'2022-08-16','assignment558')
, (80,4,'2022-08-16','assignment559')
, (80,7,'2022-08-16','assignment560')
, (81,4,'2022-09-14','assignment561')
, (81,10,'2022-09-13','assignment562')
, (81,2,'2022-09-15','assignment563')
, (81,1,'2022-09-14','assignment564')
, (81,6,'2022-09-15','assignment565')
, (81,2,'2022-09-14','assignment566')
, (81,4,'2022-09-15','assignment567')
, (82,4,'2021-05-17','assignment568')
, (82,1,'2021-05-17','assignment569')
, (82,2,'2021-05-17','assignment570')
, (82,9,'2021-05-17','assignment571')
, (82,8,'2021-05-17','assignment572')
, (82,9,'2021-05-17','assignment573')
, (82,3,'2021-05-17','assignment574')
, (83,4,'2021-05-18','assignment575')
, (83,10,'2021-05-20','assignment576')
, (83,7,'2021-05-17','assignment577')
, (83,9,'2021-05-19','assignment578')
, (83,8,'2021-05-17','assignment579')
, (83,2,'2021-05-19','assignment580')
, (83,1,'2021-05-20','assignment581')
, (84,5,'2021-06-08','assignment582')
, (84,5,'2021-06-08','assignment583')
, (84,2,'2021-06-08','assignment584')
, (84,10,'2021-06-08','assignment585')
, (84,8,'2021-06-08','assignment586')
, (84,10,'2021-06-07','assignment587')
, (84,9,'2021-06-07','assignment588')
, (85,6,'2022-01-05','assignment589')
, (85,3,'2022-01-05','assignment590')
, (85,3,'2022-01-05','assignment591')
, (85,10,'2022-01-05','assignment592')
, (85,7,'2022-01-05','assignment593')
, (85,6,'2022-01-05','assignment594')
, (85,4,'2022-01-04','assignment595')
, (86,8,'2022-01-09','assignment596')
, (86,4,'2022-01-09','assignment597')
, (86,7,'2022-01-09','assignment598')
, (86,4,'2022-01-09','assignment599')
, (86,6,'2022-01-09','assignment600')
, (86,6,'2022-01-09','assignment601')
, (86,8,'2022-01-09','assignment602')
, (87,8,'2022-01-20','assignment603')
, (87,1,'2022-01-20','assignment604')
, (87,8,'2022-01-20','assignment605')
, (87,2,'2022-01-20','assignment606')
, (87,9,'2022-01-20','assignment607')
, (87,3,'2022-01-20','assignment608')
, (87,5,'2022-01-20','assignment609')
, (88,10,'2021-03-14','assignment610')
, (88,7,'2021-03-14','assignment611')
, (88,2,'2021-03-14','assignment612')
, (88,6,'2021-03-11','assignment613')
, (88,3,'2021-03-13','assignment614')
, (88,3,'2021-03-14','assignment615')
, (88,7,'2021-03-14','assignment616')
, (89,4,'2021-04-01','assignment617')
, (89,10,'2021-04-03','assignment618')
, (89,8,'2021-04-03','assignment619')
, (89,3,'2021-04-03','assignment620')
, (89,3,'2021-04-03','assignment621')
, (89,10,'2021-04-03','assignment622')
, (89,5,'2021-04-03','assignment623')
, (90,7,'2021-05-03','assignment624')
, (90,4,'2021-05-02','assignment625')
, (90,2,'2021-05-03','assignment626')
, (90,8,'2021-05-02','assignment627')
, (90,6,'2021-05-03','assignment628')
, (90,10,'2021-05-03','assignment629')
, (90,6,'2021-05-02','assignment630')
, (91,3,'2026-10-08','assignment631')
, (91,4,'2026-10-13','assignment632')
, (91,8,'2026-10-13','assignment633')
, (91,1,'2026-10-13','assignment634')
, (91,1,'2026-10-10','assignment635')
, (91,9,'2026-10-09','assignment636')
, (91,9,'2026-10-10','assignment637')
, (92,8,'2026-10-24','assignment638')
, (92,3,'2026-10-24','assignment639')
, (92,7,'2026-10-24','assignment640')
, (92,3,'2026-10-24','assignment641')
, (92,2,'2026-10-24','assignment642')
, (92,2,'2026-10-24','assignment643')
, (92,3,'2026-10-24','assignment644')
, (93,3,'2026-11-09','assignment645')
, (93,6,'2026-11-08','assignment646')
, (93,2,'2026-11-03','assignment647')
, (93,9,'2026-11-09','assignment648')
, (93,10,'2026-11-10','assignment649')
, (93,10,'2026-11-06','assignment650')
, (93,5,'2026-11-07','assignment651')
, (94,9,'2026-01-01','assignment652')
, (94,1,'2026-01-08','assignment653')
, (94,8,'2026-01-18','assignment654')
, (94,6,'2026-01-15','assignment655')
, (94,10,'2026-01-03','assignment656')
, (94,2,'2026-01-12','assignment657')
, (94,5,'2026-01-10','assignment658')
, (95,2,'2026-02-09','assignment659')
, (95,1,'2026-02-07','assignment660')
, (95,7,'2026-02-16','assignment661')
, (95,3,'2026-02-18','assignment662')
, (95,4,'2026-02-06','assignment663')
, (95,10,'2026-02-06','assignment664')
, (95,6,'2026-02-08','assignment665')
, (96,2,'2026-03-24','assignment666')
, (96,9,'2026-03-16','assignment667')
, (96,3,'2026-03-19','assignment668')
, (96,6,'2026-03-17','assignment669')
, (96,10,'2026-03-19','assignment670')
, (96,2,'2026-03-17','assignment671')
, (96,9,'2026-03-19','assignment672')
, (97,3,'2020-11-05','assignment673')
, (97,8,'2020-11-06','assignment674')
, (97,3,'2020-11-02','assignment675')
, (97,2,'2020-11-05','assignment676')
, (97,4,'2020-10-29','assignment677')
, (97,3,'2020-11-05','assignment678')
, (97,1,'2020-10-30','assignment679')
, (98,8,'2020-12-06','assignment680')
, (98,7,'2020-12-07','assignment681')
, (98,7,'2020-12-07','assignment682')
, (98,10,'2020-12-07','assignment683')
, (98,1,'2020-12-06','assignment684')
, (98,9,'2020-12-06','assignment685')
, (98,4,'2020-12-07','assignment686')
, (99,9,'2020-12-20','assignment687')
, (99,6,'2020-12-19','assignment688')
, (99,5,'2020-12-19','assignment689')
, (99,7,'2020-12-26','assignment690')
, (99,7,'2020-12-20','assignment691')
, (99,2,'2020-12-19','assignment692')
, (99,6,'2020-12-25','assignment693')
, (100,8,'2025-01-02','assignment694')
, (100,10,'2024-12-31','assignment695')
, (100,7,'2025-01-01','assignment696')

, (100,3,'2025-01-02','assignment697')
, (100,6,'2024-12-31','assignment698')
, (100,2,'2025-01-02','assignment699')
, (100,5,'2024-12-31','assignment700')
, (101,3,'2025-03-06','assignment701')
, (101,8,'2025-03-06','assignment702')
, (101,3,'2025-03-06','assignment703')
, (101,6,'2025-03-06','assignment704')
, (101,7,'2025-03-06','assignment705')
, (101,4,'2025-03-06','assignment706')
, (101,3,'2025-03-06','assignment707')
, (102,8,'2025-04-09','assignment708')
, (102,3,'2025-04-02','assignment709')
, (102,4,'2025-04-13','assignment710')
, (102,10,'2025-04-05','assignment711')
, (102,4,'2025-04-09','assignment712')
, (102,1,'2025-04-13','assignment713')
, (102,10,'2025-03-30','assignment714')
, (103,9,'2023-03-02','assignment715')
, (103,9,'2023-03-01','assignment716')
, (103,1,'2023-03-01','assignment717')
, (103,9,'2023-03-02','assignment718')
, (103,1,'2023-03-02','assignment719')
, (103,2,'2023-03-01','assignment720')
, (103,9,'2023-03-02','assignment721')
, (104,4,'2023-03-07','assignment722')
, (104,6,'2023-03-07','assignment723')
, (104,4,'2023-03-07','assignment724')
, (104,3,'2023-03-07','assignment725')
, (104,3,'2023-03-07','assignment726')
, (104,6,'2023-03-07','assignment727')
, (104,4,'2023-03-07','assignment728')
, (105,7,'2023-03-18','assignment729')
, (105,4,'2023-03-18','assignment730')
, (105,3,'2023-03-18','assignment731')
, (105,10,'2023-03-18','assignment732')
, (105,7,'2023-03-18','assignment733')
, (105,1,'2023-03-18','assignment734')
, (105,4,'2023-03-18','assignment735')
, (106,10,'2025-04-02','assignment736')
, (106,2,'2025-04-04','assignment737')
, (106,2,'2025-04-02','assignment738')
, (106,3,'2025-04-04','assignment739')
, (106,5,'2025-04-03','assignment740')
, (106,4,'2025-04-05','assignment741')
, (106,3,'2025-04-02','assignment742')
, (107,5,'2025-05-01','assignment743')
, (107,8,'2025-05-01','assignment744')
, (107,6,'2025-05-01','assignment745')
, (107,2,'2025-05-01','assignment746')
, (107,10,'2025-05-01','assignment747')
, (107,4,'2025-05-01','assignment748')
, (107,2,'2025-05-01','assignment749')
, (108,5,'2025-05-28','assignment750')
, (108,4,'2025-05-11','assignment751')
, (108,3,'2025-05-23','assignment752')
, (108,1,'2025-05-14','assignment753')
, (108,10,'2025-05-20','assignment754')
, (108,1,'2025-05-24','assignment755')
, (108,3,'2025-05-15','assignment756')
, (109,3,'2026-03-29','assignment757')
, (109,9,'2026-04-01','assignment758')
, (109,4,'2026-03-30','assignment759')
, (109,2,'2026-04-01','assignment760')
, (109,7,'2026-04-03','assignment761')
, (109,10,'2026-03-30','assignment762')
, (109,5,'2026-04-01','assignment763')
, (110,9,'2026-05-03','assignment764')
, (110,5,'2026-04-27','assignment765')
, (110,3,'2026-04-28','assignment766')
, (110,5,'2026-05-08','assignment767')
, (110,1,'2026-05-01','assignment768')
, (110,10,'2026-05-07','assignment769')
, (110,8,'2026-05-01','assignment770')
, (111,6,'2026-06-13','assignment771')
, (111,8,'2026-06-15','assignment772')
, (111,4,'2026-06-16','assignment773')
, (111,10,'2026-06-13','assignment774')
, (111,3,'2026-06-11','assignment775')
, (111,8,'2026-06-17','assignment776')
, (111,8,'2026-06-16','assignment777')
, (112,4,'2021-06-04','assignment778')
, (112,4,'2021-06-04','assignment779')
, (112,3,'2021-06-02','assignment780')
, (112,7,'2021-06-05','assignment781')
, (112,6,'2021-06-01','assignment782')
, (112,3,'2021-06-02','assignment783')
, (112,10,'2021-06-01','assignment784')
, (113,10,'2021-06-30','assignment785')
, (113,10,'2021-06-30','assignment786')
, (113,9,'2021-07-02','assignment787')
, (113,8,'2021-06-28','assignment788')
, (113,9,'2021-07-03','assignment789')
, (113,9,'2021-06-29','assignment790')
, (113,3,'2021-06-28','assignment791')
, (114,5,'2021-07-11','assignment792')
, (114,5,'2021-07-17','assignment793')
, (114,3,'2021-07-14','assignment794')
, (114,4,'2021-07-16','assignment795')
, (114,2,'2021-07-14','assignment796')
, (114,2,'2021-07-13','assignment797')
, (114,4,'2021-07-18','assignment798')
, (115,6,'2020-07-02','assignment799')
, (115,8,'2020-06-29','assignment800')
, (115,3,'2020-07-05','assignment801')
, (115,1,'2020-06-27','assignment802')
, (115,5,'2020-06-26','assignment803')
, (115,5,'2020-06-27','assignment804')
, (115,7,'2020-06-29','assignment805')
, (116,9,'2020-07-31','assignment806')
, (116,6,'2020-07-31','assignment807')
, (116,1,'2020-07-31','assignment808')
, (116,9,'2020-07-31','assignment809')
, (116,4,'2020-07-31','assignment810')
, (116,9,'2020-07-31','assignment811')
, (116,6,'2020-07-31','assignment812')
, (117,6,'2020-08-20','assignment813')
, (117,1,'2020-08-20','assignment814')
, (117,6,'2020-08-18','assignment815')
, (117,8,'2020-08-16','assignment816')
, (117,7,'2020-08-23','assignment817')
, (117,3,'2020-08-31','assignment818')
, (117,6,'2020-08-27','assignment819')
, (118,8,'2024-04-05','assignment820')
, (118,8,'2024-04-05','assignment821')
, (118,10,'2024-04-05','assignment822')
, (118,5,'2024-04-05','assignment823')
, (118,10,'2024-04-05','assignment824')
, (118,8,'2024-04-05','assignment825')
, (118,9,'2024-04-05','assignment826')
, (119,9,'2024-04-30','assignment827')
, (119,4,'2024-05-07','assignment828')
, (119,6,'2024-05-03','assignment829')
, (119,9,'2024-05-14','assignment830')
, (119,3,'2024-05-08','assignment831')
, (119,10,'2024-05-05','assignment832')
, (119,10,'2024-05-09','assignment833')
, (120,10,'2024-06-20','assignment834')
, (120,7,'2024-06-20','assignment835')
, (120,10,'2024-06-23','assignment836')
, (120,6,'2024-06-22','assignment837')
, (120,3,'2024-06-23','assignment838')
, (120,6,'2024-06-22','assignment839')
, (120,4,'2024-06-21','assignment840')
, (121,5,'2024-01-10','assignment841')
, (121,2,'2024-01-08','assignment842')
, (121,5,'2024-01-10','assignment843')
, (121,1,'2024-01-11','assignment844')
, (121,3,'2024-01-12','assignment845')
, (121,6,'2024-01-08','assignment846')
, (121,2,'2024-01-11','assignment847')
, (122,4,'2024-03-03','assignment848')
, (122,7,'2024-03-11','assignment849')
, (122,7,'2024-03-11','assignment850')
, (122,2,'2024-03-06','assignment851')
, (122,10,'2024-03-07','assignment852')
, (122,3,'2024-03-11','assignment853')
, (122,2,'2024-03-04','assignment854')
, (123,3,'2024-03-30','assignment855')
, (123,2,'2024-04-01','assignment856')
, (123,2,'2024-04-04','assignment857')
, (123,3,'2024-04-01','assignment858')
, (123,2,'2024-04-01','assignment859')
, (123,3,'2024-04-01','assignment860')
, (123,3,'2024-03-30','assignment861')
, (124,3,'2025-05-13','assignment862')
, (124,3,'2025-05-13','assignment863')
, (124,9,'2025-05-16','assignment864')
, (124,5,'2025-05-13','assignment865')
, (124,7,'2025-05-13','assignment866')
, (124,3,'2025-05-15','assignment867')
, (124,3,'2025-05-14','assignment868')
, (125,10,'2025-06-08','assignment869')
, (125,3,'2025-05-27','assignment870')
, (125,7,'2025-06-14','assignment871')
, (125,1,'2025-05-30','assignment872')
, (125,6,'2025-06-05','assignment873')
, (125,2,'2025-05-28','assignment874')
, (125,3,'2025-06-11','assignment875')
, (126,5,'2025-07-10','assignment876')
, (126,8,'2025-07-07','assignment877')
, (126,2,'2025-07-01','assignment878')
, (126,6,'2025-07-12','assignment879')
, (126,6,'2025-07-14','assignment880')
, (126,5,'2025-07-07','assignment881')
, (126,5,'2025-07-11','assignment882')
, (127,8,'2027-03-29','assignment883')
, (127,9,'2027-03-25','assignment884')
, (127,3,'2027-04-03','assignment885')
, (127,10,'2027-03-25','assignment886')
, (127,5,'2027-04-01','assignment887')
, (127,7,'2027-03-25','assignment888')
, (127,6,'2027-03-25','assignment889')
, (128,10,'2027-04-19','assignment890')
, (128,8,'2027-04-21','assignment891')
, (128,1,'2027-04-21','assignment892')
, (128,5,'2027-04-16','assignment893')
, (128,1,'2027-04-19','assignment894')
, (128,6,'2027-04-18','assignment895')
, (128,3,'2027-04-20','assignment896')
, (129,7,'2027-05-04','assignment897')
, (129,9,'2027-05-05','assignment898')
, (129,4,'2027-05-05','assignment899')
, (129,5,'2027-05-05','assignment900')
, (129,6,'2027-05-04','assignment901')
, (129,8,'2027-05-05','assignment902')
, (129,3,'2027-05-04','assignment903')
, (130,7,'2024-03-17','assignment904')
, (130,6,'2024-03-17','assignment905')
, (130,3,'2024-03-16','assignment906')
, (130,2,'2024-03-16','assignment907')
, (130,10,'2024-03-17','assignment908')
, (130,8,'2024-03-16','assignment909')
, (130,3,'2024-03-15','assignment910')
, (131,9,'2024-04-02','assignment911')
, (131,4,'2024-04-02','assignment912')
, (131,3,'2024-04-02','assignment913')
, (131,2,'2024-04-02','assignment914')
, (131,10,'2024-04-02','assignment915')
, (131,10,'2024-04-02','assignment916')
, (131,4,'2024-04-02','assignment917')
, (132,8,'2024-04-21','assignment918')
, (132,6,'2024-04-19','assignment919')
, (132,7,'2024-04-17','assignment920')
, (132,2,'2024-04-21','assignment921')
, (132,6,'2024-04-20','assignment922')
, (132,3,'2024-04-19','assignment923')
, (132,3,'2024-04-16','assignment924')
, (133,9,'2023-06-08','assignment925')
, (133,5,'2023-05-19','assignment926')
, (133,10,'2023-05-29','assignment927')
, (133,5,'2023-05-25','assignment928')
, (133,3,'2023-06-07','assignment929')
, (133,7,'2023-06-04','assignment930')
, (133,7,'2023-06-15','assignment931')
, (134,3,'2023-07-06','assignment932')
, (134,3,'2023-07-09','assignment933')
, (134,4,'2023-07-05','assignment934')
, (134,2,'2023-07-09','assignment935')
, (134,5,'2023-07-08','assignment936')
, (134,5,'2023-07-06','assignment937')
, (134,5,'2023-07-05','assignment938')
, (135,2,'2023-08-09','assignment939')
, (135,9,'2023-08-07','assignment940')
, (135,8,'2023-08-06','assignment941')
, (135,6,'2023-08-09','assignment942')
, (135,6,'2023-08-06','assignment943')
, (135,10,'2023-08-08','assignment944')
, (135,10,'2023-08-05','assignment945')
, (136,1,'2025-05-19','assignment946')
, (136,6,'2025-05-26','assignment947')
, (136,2,'2025-05-24','assignment948')
, (136,3,'2025-05-19','assignment949')
, (136,3,'2025-05-22','assignment950')
, (136,3,'2025-05-22','assignment951')
, (136,2,'2025-05-25','assignment952')
, (137,5,'2025-06-06','assignment953')
, (137,5,'2025-06-08','assignment954')
, (137,6,'2025-06-15','assignment955')
, (137,3,'2025-06-09','assignment956')
, (137,3,'2025-06-12','assignment957')
, (137,9,'2025-06-14','assignment958')
, (137,9,'2025-06-16','assignment959')
, (138,10,'2025-07-19','assignment960')
, (138,9,'2025-07-18','assignment961')
, (138,3,'2025-07-19','assignment962')
, (138,2,'2025-07-19','assignment963')
, (138,8,'2025-07-18','assignment964')
, (138,6,'2025-07-18','assignment965')
, (138,3,'2025-07-19','assignment966')
, (139,4,'2020-03-21','assignment967')
, (139,5,'2020-03-21','assignment968')
, (139,10,'2020-03-22','assignment969')
, (139,9,'2020-03-25','assignment970')
, (139,2,'2020-03-21','assignment971')
, (139,1,'2020-03-21','assignment972')
, (139,3,'2020-03-25','assignment973')
, (140,7,'2020-04-09','assignment974')
, (140,1,'2020-04-08','assignment975')
, (140,10,'2020-04-10','assignment976')
, (140,10,'2020-04-08','assignment977')
, (140,5,'2020-04-10','assignment978')
, (140,9,'2020-04-08','assignment979')
, (140,4,'2020-04-09','assignment980')
, (141,6,'2020-04-17','assignment981')
, (141,9,'2020-04-19','assignment982')
, (141,4,'2020-04-14','assignment983')
, (141,9,'2020-04-20','assignment984')
, (141,5,'2020-04-21','assignment985')
, (141,5,'2020-04-21','assignment986')
, (141,3,'2020-04-15','assignment987')
, (142,10,'2021-09-19','assignment988')
, (142,1,'2021-09-18','assignment989')
, (142,7,'2021-09-18','assignment990')
, (142,9,'2021-09-18','assignment991')
, (142,5,'2021-09-18','assignment992')
, (142,6,'2021-09-19','assignment993')
, (142,2,'2021-09-18','assignment994')
, (143,1,'2021-09-30','assignment995')
, (143,4,'2021-10-06','assignment996')
, (143,3,'2021-10-03','assignment997')
, (143,4,'2021-10-05','assignment998')
, (143,7,'2021-10-06','assignment999')
, (143,6,'2021-10-05','assignment1000')
, (143,3,'2021-10-05','assignment1001')
, (144,7,'2021-10-20','assignment1002')
, (144,4,'2021-10-16','assignment1003')
, (144,8,'2021-10-14','assignment1004')
, (144,1,'2021-10-23','assignment1005')
, (144,8,'2021-10-19','assignment1006')
, (144,8,'2021-10-23','assignment1007')
, (144,2,'2021-10-14','assignment1008')
, (145,8,'2024-07-20','assignment1009')
, (145,8,'2024-07-20','assignment1010')
, (145,3,'2024-07-20','assignment1011')
, (145,5,'2024-07-19','assignment1012')
, (145,2,'2024-07-19','assignment1013')
, (145,5,'2024-07-20','assignment1014')
, (145,8,'2024-07-20','assignment1015')
, (146,6,'2024-07-28','assignment1016')
, (146,7,'2024-07-28','assignment1017')
, (146,3,'2024-07-28','assignment1018')
, (146,8,'2024-07-28','assignment1019')
, (146,3,'2024-07-28','assignment1020')
, (146,6,'2024-07-28','assignment1021')
, (146,4,'2024-07-28','assignment1022')
, (147,10,'2024-08-27','assignment1023')
, (147,8,'2024-08-27','assignment1024')
, (147,8,'2024-08-27','assignment1025')
, (147,10,'2024-08-27','assignment1026')
, (147,7,'2024-08-27','assignment1027')
, (147,2,'2024-08-27','assignment1028')
, (147,5,'2024-08-27','assignment1029')
, (148,10,'2024-08-24','assignment1030')
, (148,5,'2024-08-24','assignment1031')
, (148,9,'2024-08-24','assignment1032')
, (148,6,'2024-08-24','assignment1033')
, (148,1,'2024-08-24','assignment1034')
, (148,7,'2024-08-24','assignment1035')
, (148,3,'2024-08-24','assignment1036')
, (149,7,'2024-08-31','assignment1037')
, (149,8,'2024-08-31','assignment1038')
, (149,5,'2024-09-01','assignment1039')
, (149,6,'2024-09-01','assignment1040')
, (149,7,'2024-09-01','assignment1041')
, (149,4,'2024-09-01','assignment1042')
, (149,2,'2024-09-01','assignment1043')
, (150,2,'2024-10-27','assignment1044')
, (150,8,'2024-10-23','assignment1045')
, (150,4,'2024-10-27','assignment1046')
, (150,2,'2024-10-21','assignment1047')
, (150,7,'2024-10-27','assignment1048')
, (150,2,'2024-10-27','assignment1049')
, (150,9,'2024-10-21','assignment1050')
;

select * from assignment
OFFSET (
        SELECT COUNT(*)
        FROM assignment
    ) - 10;
/*debug
*/